Date,Revenue,MA_7,MA_30,Month_Name,Month_Number,Weekday,Weekend,Year,Month,Quarter,Week,Day,DayOfWeek,Lag_1,Lag_2,Lag_3,Lag_7,Lag_14,Lag_30,RollingMean7,RollingMean14,RollingMean30,RollingStd7,RollingStd30
2016-10-04,13456.14,2022.945714285714,474.5226666666667,October,10,Tuesday,0,2016,10,4,40,4,1,595.14,109.34,0.0,0.0,0.0,272.46,2022.945714285714,1011.472857142857,474.5226666666667,5046.247533467673,2454.3018652195638
2016-10-05,15753.29,4273.415714285714,997.1303333333334,October,10,Wednesday,0,2016,10,4,40,5,2,13456.14,595.14,109.34,0.0,0.0,75.06,4273.415714285714,2136.707857142857,997.1303333333334,7091.843005749298,3712.8478210653266
2016-10-06,11312.51,5889.488571428571,1374.214,October,10,Thursday,0,2016,10,4,40,6,3,15753.29,13456.14,595.14,0.0,0.0,0.0,5889.488571428571,2944.7442857142855,1374.214,7243.046659245976,4156.087995422354
2016-10-07,10381.31,7372.532857142856,1720.2576666666669,October,10,Friday,0,2016,10,4,40,7,4,11312.51,15753.29,13456.14,0.0,0.0,0.0,7372.532857142856,3686.266428571428,1720.2576666666669,6890.389334519286,4458.876783734761
2016-10-08,10505.11,8873.262857142856,2070.4280000000003,October,10,Saturday,1,2016,10,4,40,8,5,10381.31,11312.51,15753.29,0.0,0.0,0.0,8873.262857142856,4436.631428571428,2070.4280000000003,6117.710031587838,4723.753801037535
2016-10-09,6895.09,9842.655714285715,2300.2643333333335,October,10,Sunday,1,2016,10,4,40,9,6,10505.11,10381.31,11312.51,109.34,0.0,0.0,9842.655714285715,4929.137857142857,2300.2643333333335,4917.435351379338,4786.862763277531
2016-10-10,5345.53,10521.282857142858,2478.4486666666667,October,10,Monday,0,2016,10,4,41,10,0,6895.09,10505.11,10381.31,595.14,0.0,0.0,10521.282857142858,5310.961428571429,2478.4486666666667,3572.3678380252404,4797.7636155032105
2016-10-11,0.0,8598.977142857144,2478.4486666666667,October,10,Tuesday,0,2016,10,4,41,11,1,5345.53,6895.09,10505.11,13456.14,0.0,0.0,8598.977142857144,5310.961428571429,2478.4486666666667,5046.253784041894,4797.7636155032105
2016-10-12,0.0,6348.507142857144,2478.4486666666667,October,10,Wednesday,0,2016,10,4,41,12,2,0.0,5345.53,6895.09,15753.29,0.0,0.0,6348.507142857144,5310.961428571429,2478.4486666666667,4832.079821652762,4797.7636155032105
2016-10-13,0.0,4732.434285714286,2478.4486666666667,October,10,Thursday,0,2016,10,4,41,13,3,0.0,0.0,5345.53,11312.51,0.0,0.0,4732.434285714286,5310.961428571429,2478.4486666666667,4786.689019857939,4797.7636155032105
2016-10-14,0.0,3249.39,2478.4486666666667,October,10,Friday,0,2016,10,4,41,14,4,0.0,0.0,0.0,10381.31,0.0,0.0,3249.39,5310.961428571429,2478.4486666666667,4331.369021383422,4797.7636155032105
2016-10-15,0.0,1748.6599999999999,2478.4486666666667,October,10,Saturday,1,2016,10,4,41,15,5,0.0,0.0,0.0,10505.11,0.0,0.0,1748.6599999999999,5310.961428571429,2478.4486666666667,3019.7205864064044,4797.7636155032105
2016-10-16,0.0,763.6471428571429,2478.4486666666667,October,10,Sunday,1,2016,10,4,41,16,6,0.0,0.0,0.0,6895.09,109.34,0.0,763.6471428571429,5303.151428571429,2478.4486666666667,2020.4204294050073,4797.7636155032105
2016-10-17,0.0,0.0,2478.4486666666667,October,10,Monday,0,2016,10,4,42,17,0,0.0,0.0,0.0,5345.53,595.14,0.0,0.0,5260.641428571429,2478.4486666666667,0.0,4797.7636155032105
2016-10-18,0.0,0.0,2478.4486666666667,October,10,Tuesday,0,2016,10,4,42,18,1,0.0,0.0,0.0,0.0,13456.14,0.0,0.0,4299.488571428572,2478.4486666666667,0.0,4797.7636155032105
2016-10-19,0.0,0.0,2478.4486666666667,October,10,Wednesday,0,2016,10,4,42,19,2,0.0,0.0,0.0,0.0,15753.29,0.0,0.0,3174.253571428572,2478.4486666666667,0.0,4797.7636155032105
2016-10-20,0.0,0.0,2478.4486666666667,October,10,Thursday,0,2016,10,4,42,20,3,0.0,0.0,0.0,0.0,11312.51,0.0,0.0,2366.217142857143,2478.4486666666667,0.0,4797.7636155032105
2016-10-21,0.0,0.0,2478.4486666666667,October,10,Friday,0,2016,10,4,42,21,4,0.0,0.0,0.0,0.0,10381.31,0.0,0.0,1624.695,2478.4486666666667,0.0,4797.7636155032105
2016-10-22,0.0,0.0,2478.4486666666667,October,10,Saturday,1,2016,10,4,42,22,5,0.0,0.0,0.0,0.0,10505.11,0.0,0.0,874.3299999999999,2478.4486666666667,0.0,4797.7636155032105
2016-10-23,0.0,0.0,2478.4486666666667,October,10,Sunday,1,2016,10,4,42,23,6,0.0,0.0,0.0,0.0,6895.09,0.0,0.0,381.8235714285714,2478.4486666666667,0.0,4797.7636155032105
2016-10-24,0.0,0.0,2478.4486666666667,October,10,Monday,0,2016,10,4,43,24,0,0.0,0.0,0.0,0.0,5345.53,0.0,0.0,0.0,2478.4486666666667,0.0,4797.7636155032105
2016-10-25,0.0,0.0,2478.4486666666667,October,10,Tuesday,0,2016,10,4,43,25,1,0.0,0.0,0.0,0.0,0.0,0.0,0.0,0.0,2478.4486666666667,0.0,4797.7636155032105
2016-10-26,0.0,0.0,2478.4486666666667,October,10,Wednesday,0,2016,10,4,43,26,2,0.0,0.0,0.0,0.0,0.0,0.0,0.0,0.0,2478.4486666666667,0.0,4797.7636155032105
2016-10-27,0.0,0.0,2478.4486666666667,October,10,Thursday,0,2016,10,4,43,27,3,0.0,0.0,0.0,0.0,0.0,0.0,0.0,0.0,2478.4486666666667,0.0,4797.7636155032105
2016-10-28,0.0,0.0,2478.4486666666667,October,10,Friday,0,2016,10,4,43,28,4,0.0,0.0,0.0,0.0,0.0,0.0,0.0,0.0,2478.4486666666667,0.0,4797.7636155032105
2016-10-29,0.0,0.0,2478.4486666666667,October,10,Saturday,1,2016,10,4,43,29,5,0.0,0.0,0.0,0.0,0.0,0.0,0.0,0.0,2478.4486666666667,0.0,4797.7636155032105
2016-10-30,0.0,0.0,2478.4486666666667,October,10,Sunday,1,2016,10,4,43,30,6,0.0,0.0,0.0,0.0,0.0,0.0,0.0,0.0,2478.4486666666667,0.0,4797.7636155032105
2016-10-31,0.0,0.0,2478.4486666666667,October,10,Monday,0,2016,10,4,44,31,0,0.0,0.0,0.0,0.0,0.0,0.0,0.0,0.0,2478.4486666666667,0.0,4797.7636155032105
2016-11-01,0.0,0.0,2474.8040000000005,November,11,Tuesday,0,2016,11,4,44,1,1,0.0,0.0,0.0,0.0,0.0,109.34,0.0,0.0,2474.8040000000005,0.0,4799.666543762648
2016-11-02,0.0,0.0,2454.9660000000003,November,11,Wednesday,0,2016,11,4,44,2,2,0.0,0.0,0.0,0.0,0.0,595.14,0.0,0.0,2454.9660000000003,0.0,4808.92446469213
2016-11-03,0.0,0.0,2006.428,November,11,Thursday,0,2016,11,4,44,3,3,0.0,0.0,0.0,0.0,0.0,13456.14,0.0,0.0,2006.428,0.0,4353.4065902695975
2016-11-04,0.0,0.0,1481.3183333333334,November,11,Friday,0,2016,11,4,44,4,4,0.0,0.0,0.0,0.0,0.0,15753.29,0.0,0.0,1481.3183333333334,0.0,3505.6095582760554
2016-11-05,0.0,0.0,1104.2346666666667,November,11,Saturday,1,2016,11,4,44,5,5,0.0,0.0,0.0,0.0,0.0,11312.51,0.0,0.0,1104.2346666666667,0.0,2980.7767128554956
2016-11-06,0.0,0.0,758.1910000000001,November,11,Sunday,1,2016,11,4,44,6,6,0.0,0.0,0.0,0.0,0.0,10381.31,0.0,0.0,758.1910000000001,0.0,2415.6721448210824
2016-11-07,0.0,0.0,408.0206666666667,November,11,Monday,0,2016,11,4,45,7,0,0.0,0.0,0.0,0.0,0.0,10505.11,0.0,0.0,408.0206666666667,0.0,1566.0463193505068
2016-11-08,0.0,0.0,178.1843333333334,November,11,Tuesday,0,2016,11,4,45,8,1,0.0,0.0,0.0,0.0,0.0,6895.09,0.0,0.0,178.1843333333334,0.0,975.9557876068662
2016-11-09,0.0,0.0,6.063298011819522e-14,November,11,Wednesday,0,2016,11,4,45,9,2,0.0,0.0,0.0,0.0,0.0,5345.53,0.0,0.0,6.063298011819522e-14,0.0,7.432164089022753e-05
2016-11-10,0.0,0.0,6.063298011819522e-14,November,11,Thursday,0,2016,11,4,45,10,3,0.0,0.0,0.0,0.0,0.0,0.0,0.0,0.0,6.063298011819522e-14,0.0,7.432164089022753e-05
2016-11-11,0.0,0.0,6.063298011819522e-14,November,11,Friday,0,2016,11,4,45,11,4,0.0,0.0,0.0,0.0,0.0,0.0,0.0,0.0,6.063298011819522e-14,0.0,7.432164089022753e-05
2016-11-12,0.0,0.0,6.063298011819522e-14,November,11,Saturday,1,2016,11,4,45,12,5,0.0,0.0,0.0,0.0,0.0,0.0,0.0,0.0,6.063298011819522e-14,0.0,7.432164089022753e-05
2016-11-13,0.0,0.0,6.063298011819522e-14,November,11,Sunday,1,2016,11,4,45,13,6,0.0,0.0,0.0,0.0,0.0,0.0,0.0,0.0,6.063298011819522e-14,0.0,7.432164089022753e-05
2016-11-14,0.0,0.0,6.063298011819522e-14,November,11,Monday,0,2016,11,4,46,14,0,0.0,0.0,0.0,0.0,0.0,0.0,0.0,0.0,6.063298011819522e-14,0.0,7.432164089022753e-05
2016-11-15,0.0,0.0,6.063298011819522e-14,November,11,Tuesday,0,2016,11,4,46,15,1,0.0,0.0,0.0,0.0,0.0,0.0,0.0,0.0,6.063298011819522e-14,0.0,7.432164089022753e-05
2016-11-16,0.0,0.0,6.063298011819522e-14,November,11,Wednesday,0,2016,11,4,46,16,2,0.0,0.0,0.0,0.0,0.0,0.0,0.0,0.0,6.063298011819522e-14,0.0,7.432164089022753e-05
2016-11-17,0.0,0.0,6.063298011819522e-14,November,11,Thursday,0,2016,11,4,46,17,3,0.0,0.0,0.0,0.0,0.0,0.0,0.0,0.0,6.063298011819522e-14,0.0,7.432164089022753e-05
2016-11-18,0.0,0.0,6.063298011819522e-14,November,11,Friday,0,2016,11,4,46,18,4,0.0,0.0,0.0,0.0,0.0,0.0,0.0,0.0,6.063298011819522e-14,0.0,7.432164089022753e-05
2016-11-19,0.0,0.0,6.063298011819522e-14,November,11,Saturday,1,2016,11,4,46,19,5,0.0,0.0,0.0,0.0,0.0,0.0,0.0,0.0,6.063298011819522e-14,0.0,7.432164089022753e-05
2016-11-20,0.0,0.0,6.063298011819522e-14,November,11,Sunday,1,2016,11,4,46,20,6,0.0,0.0,0.0,0.0,0.0,0.0,0.0,0.0,6.063298011819522e-14,0.0,7.432164089022753e-05
2016-11-21,0.0,0.0,6.063298011819522e-14,November,11,Monday,0,2016,11,4,47,21,0,0.0,0.0,0.0,0.0,0.0,0.0,0.0,0.0,6.063298011819522e-14,0.0,7.432164089022753e-05
2016-11-22,0.0,0.0,6.063298011819522e-14,November,11,Tuesday,0,2016,11,4,47,22,1,0.0,0.0,0.0,0.0,0.0,0.0,0.0,0.0,6.063298011819522e-14,0.0,7.432164089022753e-05
2016-11-23,0.0,0.0,6.063298011819522e-14,November,11,Wednesday,0,2016,11,4,47,23,2,0.0,0.0,0.0,0.0,0.0,0.0,0.0,0.0,6.063298011819522e-14,0.0,7.432164089022753e-05
2016-11-24,0.0,0.0,6.063298011819522e-14,November,11,Thursday,0,2016,11,4,47,24,3,0.0,0.0,0.0,0.0,0.0,0.0,0.0,0.0,6.063298011819522e-14,0.0,7.432164089022753e-05
2016-11-25,0.0,0.0,6.063298011819522e-14,November,11,Friday,0,2016,11,4,47,25,4,0.0,0.0,0.0,0.0,0.0,0.0,0.0,0.0,6.063298011819522e-14,0.0,7.432164089022753e-05
2016-11-26,0.0,0.0,6.063298011819522e-14,November,11,Saturday,1,2016,11,4,47,26,5,0.0,0.0,0.0,0.0,0.0,0.0,0.0,0.0,6.063298011819522e-14,0.0,7.432164089022753e-05
2016-11-27,0.0,0.0,6.063298011819522e-14,November,11,Sunday,1,2016,11,4,47,27,6,0.0,0.0,0.0,0.0,0.0,0.0,0.0,0.0,6.063298011819522e-14,0.0,7.432164089022753e-05
2016-11-28,0.0,0.0,6.063298011819522e-14,November,11,Monday,0,2016,11,4,48,28,0,0.0,0.0,0.0,0.0,0.0,0.0,0.0,0.0,6.063298011819522e-14,0.0,7.432164089022753e-05
2016-11-29,0.0,0.0,6.063298011819522e-14,November,11,Tuesday,0,2016,11,4,48,29,1,0.0,0.0,0.0,0.0,0.0,0.0,0.0,0.0,6.063298011819522e-14,0.0,7.432164089022753e-05
2016-11-30,0.0,0.0,6.063298011819522e-14,November,11,Wednesday,0,2016,11,4,48,30,2,0.0,0.0,0.0,0.0,0.0,0.0,0.0,0.0,6.063298011819522e-14,0.0,7.432164089022753e-05
2016-12-01,0.0,0.0,6.063298011819522e-14,December,12,Thursday,0,2016,12,4,48,1,3,0.0,0.0,0.0,0.0,0.0,0.0,0.0,0.0,6.063298011819522e-14,0.0,7.432164089022753e-05
2016-12-02,0.0,0.0,6.063298011819522e-14,December,12,Friday,0,2016,12,4,48,2,4,0.0,0.0,0.0,0.0,0.0,0.0,0.0,0.0,6.063298011819522e-14,0.0,7.432164089022753e-05
2016-12-03,0.0,0.0,6.063298011819522e-14,December,12,Saturday,1,2016,12,4,48,3,5,0.0,0.0,0.0,0.0,0.0,0.0,0.0,0.0,6.063298011819522e-14,0.0,7.432164089022753e-05
2016-12-04,0.0,0.0,6.063298011819522e-14,December,12,Sunday,1,2016,12,4,48,4,6,0.0,0.0,0.0,0.0,0.0,0.0,0.0,0.0,6.063298011819522e-14,0.0,7.432164089022753e-05
2016-12-05,0.0,0.0,6.063298011819522e-14,December,12,Monday,0,2016,12,4,49,5,0,0.0,0.0,0.0,0.0,0.0,0.0,0.0,0.0,6.063298011819522e-14,0.0,7.432164089022753e-05
2016-12-06,0.0,0.0,6.063298011819522e-14,December,12,Tuesday,0,2016,12,4,49,6,1,0.0,0.0,0.0,0.0,0.0,0.0,0.0,0.0,6.063298011819522e-14,0.0,7.432164089022753e-05
2016-12-07,0.0,0.0,6.063298011819522e-14,December,12,Wednesday,0,2016,12,4,49,7,2,0.0,0.0,0.0,0.0,0.0,0.0,0.0,0.0,6.063298011819522e-14,0.0,7.432164089022753e-05
2016-12-08,0.0,0.0,6.063298011819522e-14,December,12,Thursday,0,2016,12,4,49,8,3,0.0,0.0,0.0,0.0,0.0,0.0,0.0,0.0,6.063298011819522e-14,0.0,7.432164089022753e-05
2016-12-09,0.0,0.0,6.063298011819522e-14,December,12,Friday,0,2016,12,4,49,9,4,0.0,0.0,0.0,0.0,0.0,0.0,0.0,0.0,6.063298011819522e-14,0.0,7.432164089022753e-05
2016-12-10,0.0,0.0,6.063298011819522e-14,December,12,Saturday,1,2016,12,4,49,10,5,0.0,0.0,0.0,0.0,0.0,0.0,0.0,0.0,6.063298011819522e-14,0.0,7.432164089022753e-05
2016-12-11,0.0,0.0,6.063298011819522e-14,December,12,Sunday,1,2016,12,4,49,11,6,0.0,0.0,0.0,0.0,0.0,0.0,0.0,0.0,6.063298011819522e-14,0.0,7.432164089022753e-05
2016-12-12,0.0,0.0,6.063298011819522e-14,December,12,Monday,0,2016,12,4,50,12,0,0.0,0.0,0.0,0.0,0.0,0.0,0.0,0.0,6.063298011819522e-14,0.0,7.432164089022753e-05
2016-12-13,0.0,0.0,6.063298011819522e-14,December,12,Tuesday,0,2016,12,4,50,13,1,0.0,0.0,0.0,0.0,0.0,0.0,0.0,0.0,6.063298011819522e-14,0.0,7.432164089022753e-05
2016-12-14,0.0,0.0,6.063298011819522e-14,December,12,Wednesday,0,2016,12,4,50,14,2,0.0,0.0,0.0,0.0,0.0,0.0,0.0,0.0,6.063298011819522e-14,0.0,7.432164089022753e-05
2016-12-15,0.0,0.0,6.063298011819522e-14,December,12,Thursday,0,2016,12,4,50,15,3,0.0,0.0,0.0,0.0,0.0,0.0,0.0,0.0,6.063298011819522e-14,0.0,7.432164089022753e-05
2016-12-16,0.0,0.0,6.063298011819522e-14,December,12,Friday,0,2016,12,4,50,16,4,0.0,0.0,0.0,0.0,0.0,0.0,0.0,0.0,6.063298011819522e-14,0.0,7.432164089022753e-05
2016-12-17,0.0,0.0,6.063298011819522e-14,December,12,Saturday,1,2016,12,4,50,17,5,0.0,0.0,0.0,0.0,0.0,0.0,0.0,0.0,6.063298011819522e-14,0.0,7.432164089022753e-05
2016-12-18,0.0,0.0,6.063298011819522e-14,December,12,Sunday,1,2016,12,4,50,18,6,0.0,0.0,0.0,0.0,0.0,0.0,0.0,0.0,6.063298011819522e-14,0.0,7.432164089022753e-05
2016-12-19,0.0,0.0,6.063298011819522e-14,December,12,Monday,0,2016,12,4,51,19,0,0.0,0.0,0.0,0.0,0.0,0.0,0.0,0.0,6.063298011819522e-14,0.0,7.432164089022753e-05
2016-12-20,0.0,0.0,6.063298011819522e-14,December,12,Tuesday,0,2016,12,4,51,20,1,0.0,0.0,0.0,0.0,0.0,0.0,0.0,0.0,6.063298011819522e-14,0.0,7.432164089022753e-05
2016-12-21,0.0,0.0,6.063298011819522e-14,December,12,Wednesday,0,2016,12,4,51,21,2,0.0,0.0,0.0,0.0,0.0,0.0,0.0,0.0,6.063298011819522e-14,0.0,7.432164089022753e-05
2016-12-22,0.0,0.0,6.063298011819522e-14,December,12,Thursday,0,2016,12,4,51,22,3,0.0,0.0,0.0,0.0,0.0,0.0,0.0,0.0,6.063298011819522e-14,0.0,7.432164089022753e-05
2016-12-23,19.62,2.802857142857143,0.6540000000000606,December,12,Friday,0,2016,12,4,51,23,4,0.0,0.0,0.0,0.0,0.0,0.0,2.802857142857143,1.4014285714285715,0.6540000000000606,7.4156629584737415,3.582105526854733
2016-12-24,0.0,2.802857142857143,0.6540000000000606,December,12,Saturday,1,2016,12,4,51,24,5,19.62,0.0,0.0,0.0,0.0,0.0,2.802857142857143,1.4014285714285715,0.6540000000000606,7.4156629584737415,3.582105526854733
2016-12-25,0.0,2.802857142857143,0.6540000000000606,December,12,Sunday,1,2016,12,4,51,25,6,0.0,19.62,0.0,0.0,0.0,0.0,2.802857142857143,1.4014285714285715,0.6540000000000606,7.4156629584737415,3.582105526854733
2016-12-26,0.0,2.802857142857143,0.6540000000000606,December,12,Monday,0,2016,12,4,52,26,0,0.0,0.0,19.62,0.0,0.0,0.0,2.802857142857143,1.4014285714285715,0.6540000000000606,7.4156629584737415,3.582105526854733
2016-12-27,0.0,2.802857142857143,0.6540000000000606,December,12,Tuesday,0,2016,12,4,52,27,1,0.0,0.0,0.0,0.0,0.0,0.0,2.802857142857143,1.4014285714285715,0.6540000000000606,7.4156629584737415,3.582105526854733
2016-12-28,0.0,2.802857142857143,0.6540000000000606,December,12,Wednesday,0,2016,12,4,52,28,2,0.0,0.0,0.0,0.0,0.0,0.0,2.802857142857143,1.4014285714285715,0.6540000000000606,7.4156629584737415,3.582105526854733
2016-12-29,0.0,2.802857142857143,0.6540000000000606,December,12,Thursday,0,2016,12,4,52,29,3,0.0,0.0,0.0,0.0,0.0,0.0,2.802857142857143,1.4014285714285715,0.6540000000000606,7.4156629584737415,3.582105526854733
2016-12-30,0.0,0.0,0.6540000000000606,December,12,Friday,0,2016,12,4,52,30,4,0.0,0.0,0.0,19.62,0.0,0.0,0.0,1.4014285714285715,0.6540000000000606,0.0,3.582105526854733
2016-12-31,0.0,0.0,0.6540000000000606,December,12,Saturday,1,2016,12,4,52,31,5,0.0,0.0,0.0,0.0,0.0,0.0,0.0,1.4014285714285715,0.6540000000000606,0.0,3.582105526854733
2017-01-01,0.0,0.0,0.6540000000000606,January,1,Sunday,1,2017,1,1,52,1,6,0.0,0.0,0.0,0.0,0.0,0.0,0.0,1.4014285714285715,0.6540000000000606,0.0,3.582105526854733
2017-01-02,0.0,0.0,0.6540000000000606,January,1,Monday,0,2017,1,1,1,2,0,0.0,0.0,0.0,0.0,0.0,0.0,0.0,1.4014285714285715,0.6540000000000606,0.0,3.582105526854733
2017-01-03,0.0,0.0,0.6540000000000606,January,1,Tuesday,0,2017,1,1,1,3,1,0.0,0.0,0.0,0.0,0.0,0.0,0.0,1.4014285714285715,0.6540000000000606,0.0,3.582105526854733
2017-01-04,0.0,0.0,0.6540000000000606,January,1,Wednesday,0,2017,1,1,1,4,2,0.0,0.0,0.0,0.0,0.0,0.0,0.0,1.4014285714285715,0.6540000000000606,0.0,3.582105526854733
2017-01-05,707.27,101.03857142857143,24.229666666666727,January,1,Thursday,0,2017,1,1,1,5,3,0.0,0.0,0.0,0.0,0.0,0.0,101.03857142857143,51.92071428571428,24.229666666666727,267.3229328251818,129.0553870532988
2017-01-06,988.28,242.22142857142856,57.1723333333334,January,1,Friday,0,2017,1,1,1,6,4,707.27,0.0,0.0,0.0,19.62,0.0,242.22142857142856,121.11071428571428,57.1723333333334,421.55064307971764,218.08357182802615
2017-01-07,2294.5099999999998,570.0085714285714,133.65600000000006,January,1,Saturday,1,2017,1,1,1,7,5,988.28,707.27,0.0,0.0,0.0,0.0,570.0085714285714,285.0042857142857,133.65600000000006,862.8765797112917,462.60773230713534
2017-01-08,809.63,685.67,160.64366666666672,January,1,Sunday,1,2017,1,1,1,8,6,2294.5099999999998,988.28,707.27,0.0,0.0,0.0,685.67,342.835,160.64366666666672,827.2647345318012,477.904852869734
2017-01-09,882.63,811.76,190.0646666666667,January,1,Monday,0,2017,1,1,2,9,0,809.63,2294.5099999999998,988.28,0.0,0.0,0.0,811.76,405.88,190.0646666666667,770.6664563869195,494.55268622598606
2017-01-10,1571.17,1036.212857142857,242.43700000000004,January,1,Tuesday,0,2017,1,1,2,10,1,882.63,809.63,2294.5099999999998,0.0,0.0,0.0,1036.212857142857,518.1064285714285,242.43700000000004,722.1099151032676,553.4197742510419
2017-01-11,3062.33,1473.6885714285713,344.51466666666676,January,1,Wednesday,0,2017,1,1,2,11,2,1571.17,882.63,809.63,0.0,0.0,0.0,1473.6885714285713,736.8442857142857,344.51466666666676,896.3235059662287,753.4370733385268
2017-01-12,3256.45,1837.857142857143,453.06300000000005,January,1,Thursday,0,2017,1,1,2,12,3,3062.33,1571.17,882.63,707.27,0.0,0.0,1837.857142857143,969.4478571428572,453.06300000000005,1039.4617685564244,918.5736711548892
2017-01-13,2780.72,2093.92,545.7536666666667,January,1,Friday,0,2017,1,1,2,13,4,3256.45,3062.33,1571.17,988.28,0.0,0.0,2093.92,1168.0707142857143,545.7536666666667,1015.8015183259511,1007.292792552134
2017-01-14,1507.36,1981.4699999999998,595.999,January,1,Saturday,1,2017,1,1,2,14,5,2780.72,3256.45,3062.33,2294.5099999999998,0.0,0.0,1981.4699999999998,1275.7392857142856,595.999,1033.313248390813,1016.6819968334138
2017-01-15,3556.48,2373.8771428571426,714.5483333333334,January,1,Sunday,1,2017,1,1,2,15,6,1507.36,2780.72,3256.45,809.63,0.0,0.0,2373.8771428571426,1529.7735714285714,714.5483333333334,1035.694740254314,1144.1491464179203
2017-01-16,5294.02,3004.075714285714,891.0156666666667,January,1,Monday,0,2017,1,1,3,16,0,3556.48,1507.36,2780.72,882.63,0.0,0.0,3004.075714285714,1907.917857142857,891.0156666666667,1288.3675820569276,1407.9821785869701
2017-01-17,4828.1900000000005,3469.3642857142863,1051.9553333333336,January,1,Tuesday,0,2017,1,1,3,17,1,5294.02,3556.48,1507.36,1571.17,0.0,0.0,3469.3642857142863,2252.7885714285717,1051.9553333333336,1272.6655830297875,1569.3221264999431
2017-01-18,4898.54,3731.6800000000003,1215.2400000000002,January,1,Wednesday,0,2017,1,1,3,18,2,4828.1900000000005,5294.02,3556.48,3062.33,0.0,0.0,3731.6800000000003,2602.684285714286,1215.2400000000002,1360.9595690908595,1705.0648007546279
2017-01-19,5799.98,4095.0414285714287,1408.5726666666667,January,1,Thursday,0,2017,1,1,3,19,3,4898.54,4828.1900000000005,5294.02,3256.45,707.27,0.0,4095.0414285714287,2966.449285714286,1408.5726666666667,1540.6203477217427,1882.1469791115826
2017-01-20,8264.44,4878.43,1684.054,January,1,Friday,0,2017,1,1,3,20,4,5799.98,4898.54,4828.1900000000005,2780.72,988.28,0.0,4878.43,3486.1749999999997,1684.054,2065.6567312358507,2239.7196658242756
2017-01-21,6671.860000000001,5616.215714285715,1906.4493333333335,January,1,Saturday,1,2017,1,1,3,21,5,8264.44,5799.98,4898.54,1507.36,2294.5099999999998,0.0,5616.215714285715,3798.842857142857,1906.4493333333335,1507.9572433356827,2392.7502683428365
2017-01-22,4953.25,5815.754285714285,2070.9036666666666,January,1,Sunday,1,2017,1,1,3,22,6,6671.860000000001,8264.44,5799.98,3556.48,809.63,19.62,5815.754285714285,4094.815714285714,2070.9036666666666,1262.3993769519025,2427.883100134885
2017-01-23,10151.1,6509.622857142857,2409.273666666667,January,1,Monday,0,2017,1,1,4,23,0,4953.25,6671.860000000001,8264.44,5294.02,882.63,0.0,6509.622857142857,4756.8492857142855,2409.273666666667,2029.5629151019498,2807.0722087643435
2017-01-24,9629.76,7195.561428571428,2730.2656666666667,January,1,Tuesday,0,2017,1,1,4,24,1,10151.1,4953.25,6671.860000000001,4828.1900000000005,1571.17,0.0,7195.561428571428,5332.4628571428575,2730.2656666666667,2172.909379491224,3061.1566697074445
2017-01-25,12502.53,8281.845714285713,3147.016666666667,January,1,Wednesday,0,2017,1,1,4,25,2,9629.76,10151.1,4953.25,4898.54,3062.33,0.0,8281.845714285713,6006.762857142858,3147.016666666667,2675.7156101365777,3496.708216793118
2017-01-26,18800.96,10139.128571428571,3773.715333333333,January,1,Thursday,0,2017,1,1,4,26,3,12502.53,9629.76,10151.1,5799.98,3256.45,0.0,10139.128571428571,7117.085,3773.715333333333,4533.2537029173955,4464.19384415344
2017-01-27,15890.0,11228.494285714285,4303.382,January,1,Friday,0,2017,1,1,4,27,4,18800.96,12502.53,9629.76,8264.44,2780.72,0.0,11228.494285714285,8053.462142857143,4303.382,4908.38357883685,4920.361624783004
2017-01-28,5987.98,11130.797142857144,4502.981333333333,January,1,Saturday,1,2017,1,1,4,28,5,15890.0,18800.96,12502.53,6671.860000000001,1507.36,0.0,11130.797142857144,8373.506428571429,4502.981333333333,5019.73832294312,4860.865447307983
2017-01-29,9474.34,11776.667142857143,4818.792666666666,January,1,Sunday,1,2017,1,1,4,29,6,5987.98,15890.0,18800.96,4953.25,3556.48,0.0,11776.667142857143,8796.210714285715,4818.792666666666,4336.826069653222,4865.989767711037
2017-01-30,26502.760000000002,14112.61857142857,5702.218,January,1,Monday,0,2017,1,1,5,30,0,9474.34,5987.98,15890.0,10151.1,5294.02,0.0,14112.61857142857,10311.120714285715,5702.218,6938.624034048896,6187.357251926567
2017-01-31,16798.99,15136.794285714286,6262.184333333334,January,1,Tuesday,0,2017,1,1,5,31,1,26502.760000000002,9474.34,5987.98,9629.76,4828.1900000000005,0.0,15136.794285714286,11166.177857142857,6262.184333333334,6691.350637701025,6409.676125532818
2017-02-01,10353.03,14829.722857142857,6607.285333333333,February,2,Wednesday,0,2017,2,1,5,1,2,16798.99,26502.760000000002,9474.34,12502.53,4898.54,0.0,14829.722857142857,11555.784285714284,6607.285333333333,6879.075065231553,6339.2094515019735
2017-02-02,11661.79,13809.84142857143,6996.011666666667,February,2,Thursday,0,2017,2,1,5,2,3,10353.03,16798.99,26502.760000000002,18800.96,5799.98,0.0,13809.84142857143,11974.485,6996.011666666667,6719.548717023162,6277.327211571149
2017-02-03,12499.26,13325.45,7412.653666666667,February,2,Friday,0,2017,2,1,5,3,4,11661.79,10353.03,16798.99,15890.0,8264.44,0.0,13325.45,12276.972142857145,7412.653666666667,6666.60993770197,6211.430278418853
2017-02-04,17944.1,15033.467142857144,7987.214666666667,February,2,Saturday,1,2017,2,1,5,4,5,12499.26,11661.79,10353.03,5987.98,6671.860000000001,707.27,15033.467142857144,13082.132142857143,7987.214666666667,5968.449439460008,6365.097985212002
2017-02-05,12141.24,15414.452857142856,8358.980000000001,February,2,Sunday,1,2017,2,1,5,5,6,17944.1,12499.26,11661.79,9474.34,4953.25,988.28,15414.452857142856,13595.56,8358.980000000001,5629.969874436021,6267.167469381121
2017-02-06,11715.94,13302.050000000001,8673.027666666667,February,2,Monday,0,2017,2,1,6,6,0,12141.24,17944.1,12499.26,26502.760000000002,10151.1,2294.5099999999998,13302.050000000001,13707.334285714285,8673.027666666667,2877.2697117927587,6188.3563093740995
2017-02-07,22105.77,14060.16142857143,9382.899,February,2,Tuesday,0,2017,2,1,6,7,1,11715.94,12141.24,17944.1,16798.99,9629.76,809.63,14060.16142857143,14598.477857142858,9382.899,4299.725802774824,6470.263238727084
2017-02-08,15946.41,14859.215714285716,9885.025,February,2,Wednesday,0,2017,2,1,6,8,2,22105.77,11715.94,12141.24,10353.03,12502.53,882.63,14859.215714285716,14844.469285714285,9885.025,4005.653252137771,6371.612887760377
2017-02-09,12252.9,14943.66,10241.082666666667,February,2,Thursday,0,2017,2,1,6,9,3,15946.41,22105.77,11715.94,11661.79,18800.96,1571.17,14943.66,14376.750714285712,10241.082666666667,3932.5772380759836,6186.775128275459
2017-02-10,17648.34,15679.242857142859,10727.283,February,2,Friday,0,2017,2,1,6,10,4,12252.9,15946.41,22105.77,12499.26,15890.0,3062.33,15679.242857142859,14502.34642857143,10727.283,3880.369612226454,6176.291311516272
2017-02-11,6139.62,13992.888571428572,10823.388666666666,February,2,Saturday,1,2017,2,1,6,11,5,17648.34,12252.9,15946.41,17944.1,5987.98,3256.45,13992.888571428572,14513.177857142859,10823.388666666666,5104.11436825374,6077.677850812212
2017-02-12,17175.41,14712.055714285716,11303.211666666668,February,2,Sunday,1,2017,2,1,6,12,6,6139.62,17648.34,12252.9,12141.24,9474.34,2780.72,14712.055714285716,15063.254285714285,11303.211666666668,5154.146089330598,5988.389991696338
2017-02-13,15926.11,15313.50857142857,11783.836666666668,February,2,Monday,0,2017,2,1,7,13,0,17175.41,6139.62,17648.34,11715.94,26502.760000000002,1507.36,15313.50857142857,14307.779285714287,11783.836666666668,4989.260651985183,5748.901224831087
2017-02-14,18989.52,14868.33,12298.271333333334,February,2,Tuesday,0,2017,2,1,7,14,1,15926.11,17175.41,6139.62,22105.77,16798.99,3556.48,14868.33,14464.245714285715,12298.271333333334,4384.580711736679,5677.357560686823
2017-02-15,8368.76,13785.808571428572,12400.762666666667,February,2,Wednesday,0,2017,2,1,7,15,2,18989.52,15926.11,17175.41,15946.41,10353.03,5294.02,13785.808571428572,14322.512142857144,12400.762666666667,4970.353329185723,5573.353060154237
2017-02-16,8299.36,13221.017142857145,12516.468333333334,February,2,Thursday,0,2017,2,1,7,16,3,8368.76,18989.52,15926.11,12252.9,11661.79,4828.1900000000005,13221.017142857145,14082.338571428572,12516.468333333334,5381.215120455954,5445.281661009349
2017-02-17,11913.93,12401.815714285713,12750.314666666667,February,2,Friday,0,2017,2,1,7,17,4,8299.36,8368.76,18989.52,17648.34,12499.26,4898.54,12401.815714285713,14040.529285714287,12750.314666666667,5019.204938523154,5254.132612515099
2017-02-18,12415.62,13298.387142857142,12970.836000000001,February,2,Saturday,1,2017,2,1,7,18,5,11913.93,8299.36,8368.76,6139.62,17944.1,5799.98,13298.387142857142,13645.637857142856,12970.836000000001,4209.36896295915,5088.5854499929565
2017-02-19,4913.28,11546.654285714287,12859.130666666666,February,2,Sunday,1,2017,2,1,7,19,6,12415.62,11913.93,8299.36,17175.41,12141.24,8264.44,11546.654285714287,13129.355,12859.130666666666,4832.381433978684,5230.27347314943
2017-02-20,10772.58,10810.435714285715,12995.821333333333,February,2,Monday,0,2017,2,1,8,20,0,4913.28,12415.62,11913.93,15926.11,11715.94,6671.860000000001,10810.435714285715,13061.972142857141,12995.821333333333,4429.76478105349,5115.318113764967
2017-02-21,11017.15,9671.525714285714,13197.951333333334,February,2,Tuesday,0,2017,2,1,8,21,1,10772.58,4913.28,12415.62,18989.52,22105.77,4953.25,9671.525714285714,12269.927857142859,13197.951333333334,2639.5200074751974,4901.9151543465105
2017-02-22,11111.64,10063.365714285714,13229.969333333333,February,2,Wednesday,0,2017,2,1,8,22,2,11017.15,10772.58,4913.28,8368.76,15946.41,10151.1,10063.365714285714,11924.587142857143,13229.969333333333,2617.3891498199505,4884.433509645851
2017-02-23,14871.58,11002.254285714285,13404.696666666667,February,2,Thursday,0,2017,2,1,8,23,3,11111.64,11017.15,10772.58,8299.36,12252.9,9629.76,11002.254285714285,12111.635714285716,13404.696666666667,3026.0255005526983,4844.7999841318215
2017-02-24,9813.95,10702.257142857143,13315.077333333333,February,2,Friday,0,2017,2,1,8,24,4,14871.58,11111.64,11017.15,11913.93,17648.34,12502.53,10702.257142857143,11552.036428571428,13315.077333333333,3024.673768836971,4886.748894163323
2017-02-25,6904.75,9914.99,12918.537,February,2,Saturday,1,2017,2,1,8,25,5,9813.95,14871.58,11111.64,12415.62,6139.62,18800.96,9914.99,11606.68857142857,12918.537,3215.5567114575924,4908.856137188668
2017-02-26,7558.6,10292.892857142857,12640.823666666665,February,2,Sunday,1,2017,2,1,8,26,6,6904.75,9813.95,14871.58,4913.28,17175.41,15890.0,10292.892857142857,10919.77357142857,12640.823666666665,2632.3192153670193,4970.238251803731
2017-02-27,8805.61,10011.897142857142,12734.744666666667,February,2,Monday,0,2017,2,1,9,27,0,7558.6,6904.75,9813.95,10772.58,15926.11,5987.98,10011.897142857142,10411.16642857143,12734.744666666667,2677.182197496173,4865.709291951625
2017-02-28,16373.800000000001,10777.132857142857,12964.726666666666,February,2,Tuesday,0,2017,2,1,9,28,1,8805.61,7558.6,6904.75,11017.15,18989.52,9474.34,10777.132857142857,10224.329285714284,12964.726666666666,3614.046713393512,4869.342567033712
2017-03-01,19056.12,11912.058571428572,12716.505333333334,March,3,Wednesday,0,2017,3,1,9,1,2,16373.800000000001,8805.61,7558.6,11111.64,8368.76,26502.760000000002,11912.058571428572,10987.712142857143,12716.505333333334,4792.030542541188,4313.502158683093
2017-03-02,14554.93,11866.822857142857,12641.703333333333,March,3,Thursday,0,2017,3,1,9,2,3,19056.12,16373.800000000001,8805.61,14871.58,8299.36,16798.99,11866.822857142857,11434.538571428571,12641.703333333333,4760.830087578263,4259.38310792111
2017-03-03,15739.01,12713.26,12821.236,March,3,Friday,0,2017,3,1,9,3,4,14554.93,19056.12,16373.800000000001,9813.95,11913.93,10353.03,12713.26,11707.758571428572,12821.236,4860.6819511395015,4273.076550352179
2017-03-04,17533.4,14231.638571428572,13016.956333333335,March,3,Saturday,1,2017,3,1,9,4,5,15739.01,14554.93,19056.12,6904.75,12415.62,11661.79,14231.638571428572,12073.314285714285,13016.956333333335,4380.144993358965,4351.88145605655
2017-03-05,11061.23,14732.014285714284,12969.022,March,3,Sunday,1,2017,3,1,9,5,6,17533.4,15739.01,14554.93,7558.6,4913.28,12499.26,14732.014285714284,12512.45357142857,12969.022,3625.91222367952,4365.678124073805
2017-03-06,14840.65,15594.162857142857,12865.573666666665,March,3,Monday,0,2017,3,1,10,6,0,11061.23,17533.4,15739.01,8805.61,10772.58,17944.1,15594.162857142857,12803.03,12865.573666666665,2535.4115237683095,4279.646144499274
2017-03-07,19007.09,15970.347142857141,13094.435333333333,March,3,Tuesday,0,2017,3,1,10,7,1,14840.65,11061.23,17533.4,16373.800000000001,11017.15,12141.24,15970.347142857141,13373.740000000002,13094.435333333333,2846.6209459445904,4420.828430242409
2017-03-08,21580.17,16330.925714285713,13423.242999999999,March,3,Wednesday,0,2017,3,1,10,8,2,19007.09,14840.65,11061.23,19056.12,11111.64,11715.94,16330.925714285713,14121.492142857142,13423.242999999999,3407.2839838296286,4674.331983543047
2017-03-09,19819.1,17082.95,13347.020666666669,March,3,Thursday,0,2017,3,1,10,9,3,21580.17,19007.09,14840.65,14554.93,14871.58,22105.77,17082.95,14474.886428571428,13347.020666666669,3528.7372686037897,4544.714328925141
2017-03-10,17167.08,17286.96,13387.709666666666,March,3,Friday,0,2017,3,1,10,10,4,19819.1,21580.17,19007.09,15739.01,9813.95,15946.41,17286.96,15000.109999999999,13387.709666666666,3479.0200449168638,4574.158231122015
2017-03-11,15222.7,16956.86,13486.703,March,3,Saturday,1,2017,3,1,10,11,5,17167.08,19819.1,21580.17,17533.4,6904.75,12252.9,16956.86,15594.249285714284,13486.703,3560.41096508067,4580.8830210336255
2017-03-12,8778.92,16630.815714285716,13191.055666666665,March,3,Sunday,1,2017,3,1,10,12,6,15222.7,17167.08,19819.1,11061.23,7558.6,17648.34,16630.815714285716,15681.414999999999,13191.055666666665,4231.533860090834,4589.237658138941
2017-03-13,20736.75,17473.115714285716,13677.626666666669,March,3,Monday,0,2017,3,1,11,13,0,8778.92,15222.7,17167.08,14840.65,8805.61,6139.62,17473.115714285716,16533.639285714286,13677.626666666669,4399.2990142099425,4589.659231859749
2017-03-14,22128.65,17919.052857142855,13842.734666666665,March,3,Tuesday,0,2017,3,1,11,14,1,20736.75,8778.92,15222.7,19007.09,16373.800000000001,17175.41,17919.052857142855,16944.7,13842.734666666665,4726.730612998496,4803.919634032147
2017-03-15,20560.59,17773.398571428574,13997.217333333334,March,3,Wednesday,0,2017,3,1,11,15,2,22128.65,20736.75,8778.92,21580.17,19056.12,15926.11,17773.398571428574,17052.16214285714,13997.217333333334,4609.362343352309,4945.6524004909925
2017-03-16,24188.43,18397.588571428572,14170.514333333333,March,3,Thursday,0,2017,3,1,11,16,3,20560.59,22128.65,20736.75,19819.1,14554.93,18989.52,18397.588571428572,17740.269285714287,14170.514333333333,5191.624169048412,5210.604659211619
2017-03-17,16127.26,18249.04285714286,14429.131000000001,March,3,Friday,0,2017,3,1,11,17,4,24188.43,20560.59,22128.65,17167.08,15739.01,8368.76,18249.04285714286,17768.001428571428,14429.131000000001,5247.277845847675,5104.1688484619435
2017-03-18,19397.72,18845.47428571429,14799.076333333333,March,3,Saturday,1,2017,3,1,11,18,5,16127.26,24188.43,20560.59,15222.7,17533.4,8299.36,18845.47428571429,17901.167142857143,14799.076333333333,5080.5863128804895,5046.441720191862
2017-03-19,8395.68,18790.725714285716,14681.801333333333,March,3,Sunday,1,2017,3,1,11,19,6,19397.72,16127.26,24188.43,8778.92,11061.23,11913.93,18790.725714285716,17710.770714285714,14681.801333333333,5207.6201743178135,5155.5041209463425
2017-03-20,23150.93,19135.608571428573,15039.644999999999,March,3,Monday,0,2017,3,1,12,20,0,8395.68,19397.72,16127.26,20736.75,14840.65,12415.62,19135.608571428573,18304.362142857142,15039.644999999999,5433.041028072057,5361.2481155415935
2017-03-21,15428.66,18178.467142857142,15390.157666666668,March,3,Tuesday,0,2017,3,1,12,21,1,23150.93,8395.68,19397.72,22128.65,19007.09,4913.28,18178.467142857142,18048.76,15390.157666666668,5407.987019128018,5008.505696374081
2017-03-22,20712.02,18200.1,15721.472333333335,March,3,Wednesday,0,2017,3,1,12,22,2,15428.66,23150.93,8395.68,20560.59,21580.17,10772.58,18200.1,17986.749285714286,15721.472333333335,5419.394900174127,5021.250918963414
2017-03-23,26865.26,18582.504285714287,16249.742666666665,March,3,Thursday,0,2017,3,1,12,23,3,20712.02,15428.66,23150.93,24188.43,19819.1,11017.15,18582.504285714287,18490.04642857143,16249.742666666665,5978.0196954729,5333.230668488837
2017-03-24,13417.71,18195.425714285713,16326.611666666668,March,3,Friday,0,2017,3,1,12,24,4,26865.26,20712.02,15428.66,16127.26,17167.08,11111.64,18195.425714285713,18222.234285714287,16326.611666666668,6245.243305171964,5272.898098157436
2017-03-25,15302.84,17610.442857142858,16340.987,March,3,Saturday,1,2017,3,1,12,25,5,13417.71,26865.26,20712.02,19397.72,15222.7,14871.58,17610.442857142858,18227.95857142857,16340.987,6305.348121604692,5269.381197790555
2017-03-26,8600.82,17639.74857142857,16300.549333333332,March,3,Sunday,1,2017,3,1,12,26,6,15302.84,13417.71,26865.26,8395.68,8778.92,9813.95,17639.74857142857,18215.237142857142,16300.549333333332,6255.663132289091,5325.552861256841
2017-03-27,20745.97,17296.182857142856,16761.923333333332,March,3,Monday,0,2017,3,1,13,27,0,8600.82,15302.84,13417.71,23150.93,20736.75,6904.75,17296.182857142856,18215.895714285714,16761.923333333332,5961.6714151394235,5077.260413262074
2017-03-28,17752.420000000002,17628.148571428574,17101.717333333334,March,3,Tuesday,0,2017,3,1,13,28,1,20745.97,8600.82,15302.84,15428.66,22128.65,7558.6,17628.148571428574,17903.307857142856,17101.717333333334,5904.775728635336,4772.026065100603
2017-03-29,12499.55,16454.93857142857,17224.848666666665,March,3,Wednesday,0,2017,3,1,13,29,2,17752.420000000002,20745.97,8600.82,20712.02,20560.59,8805.61,16454.93857142857,17327.519285714287,17224.848666666665,6004.936397430118,4594.953970481048
2017-03-30,14626.82,14706.59,17166.615999999998,March,3,Thursday,0,2017,3,1,13,30,3,12499.55,17752.420000000002,20745.97,26865.26,24188.43,16373.800000000001,14706.59,16644.547142857144,17166.615999999998,3871.3850449505485,4617.127766487853
2017-03-31,14376.5,14843.56,17010.628666666667,March,3,Friday,0,2017,3,1,13,31,4,14626.82,12499.55,17752.420000000002,13417.71,16127.26,19056.12,14843.56,16519.492857142857,17010.628666666667,3834.974039134219,4630.1216042448295
2017-04-01,19721.87,15474.85,17182.86,April,4,Saturday,1,2017,4,2,13,1,5,14376.5,14626.82,12499.55,15302.84,19397.72,14554.93,15474.85,16542.64642857143,17182.86,4263.0082526701035,4631.72426630545
2017-04-02,18305.97,16861.3,17268.425333333333,April,4,Sunday,1,2017,4,2,13,2,6,19721.87,14376.5,14626.82,8600.82,8395.68,15739.01,16861.3,17250.524285714284,17268.425333333333,3064.4924258893793,4627.840231926718
2017-04-03,14977.140000000001,16037.18142857143,17183.216666666667,April,4,Monday,0,2017,4,2,14,3,0,18305.97,19721.87,14376.5,20745.97,23150.93,17533.4,16037.18142857143,16666.682142857142,17183.216666666667,2583.6628046337005,4646.2896303857215
2017-04-04,17230.36,15962.601428571428,17388.854333333333,April,4,Tuesday,0,2017,4,2,14,4,1,14977.140000000001,18305.97,19721.87,17752.420000000002,15428.66,11061.23,15962.601428571428,16795.375,17388.854333333333,2532.9356301824328,4500.21880235087
2017-04-05,21757.17,17285.118571428575,17619.405000000002,April,4,Wednesday,0,2017,4,2,14,5,2,17230.36,14977.140000000001,18305.97,12499.55,20712.02,14840.65,17285.118571428575,16870.02857142857,17619.405000000002,2823.5768102380903,4542.144932108731
2017-04-06,41552.87,21131.697142857145,18370.931,April,4,Thursday,0,2017,4,2,14,6,3,21757.17,17230.36,14977.140000000001,14626.82,26865.26,19007.09,21131.697142857145,17919.143571428573,18370.931,9364.111963419547,6303.372590241615
2017-04-07,16888.56,21490.562857142857,18214.543999999998,April,4,Friday,0,2017,4,2,14,7,4,41552.87,21757.17,17230.36,14376.5,13417.71,21580.17,21490.562857142857,18167.06142857143,18214.543999999998,9106.678770264734,6279.158675085985
2017-04-08,11451.72,20309.11285714286,17935.63133333333,April,4,Saturday,1,2017,4,2,14,8,5,16888.56,41552.87,21757.17,19721.87,15302.84,19819.1,20309.11285714286,17891.981428571427,17935.63133333333,9878.165417717526,6390.279786032109
2017-04-09,11017.89,19267.958571428575,17730.658333333333,April,4,Sunday,1,2017,4,2,14,9,6,11451.72,16888.56,41552.87,18305.97,8600.82,17167.08,19267.958571428575,18064.629285714287,17730.658333333333,10489.638834480795,6513.219058590521
2017-04-10,14921.98,19260.078571428574,17720.634333333335,April,4,Monday,0,2017,4,2,15,10,0,11017.89,11451.72,16888.56,14977.140000000001,20745.97,15222.7,19260.078571428574,17648.63,17720.634333333335,10493.419432646711,6517.442001941688
2017-04-11,11598.91,18455.585714285713,17814.634000000002,April,4,Tuesday,0,2017,4,2,15,11,1,14921.98,11017.89,11451.72,17230.36,17752.420000000002,8778.92,18455.585714285713,17209.09357142857,17814.634000000002,10883.583918276274,6403.3682749808895
2017-04-12,9932.82,16766.39285714286,17454.503,April,4,Wednesday,0,2017,4,2,15,12,2,11598.91,14921.98,11017.89,21757.17,12499.55,20736.75,16766.39285714286,17025.755714285715,17454.503,11198.793554825026,6535.800699131405
2017-04-13,12476.960000000001,12612.691428571428,17132.780000000002,April,4,Thursday,0,2017,4,2,15,13,3,9932.82,11598.91,14921.98,41552.87,14626.82,22128.65,12612.691428571428,16872.194285714286,17132.780000000002,2440.4575622919047,6535.334057529383
2017-04-14,10518.56,11702.691428571428,16798.045666666665,April,4,Friday,0,2017,4,2,15,14,4,12476.960000000001,9932.82,11598.91,16888.56,14376.5,20560.59,11702.691428571428,16596.62714285714,16798.045666666665,1635.0653952307523,6610.45086535925
2017-04-15,9979.54,11492.380000000001,16324.416,April,4,Saturday,1,2017,4,2,15,15,5,10518.56,12476.960000000001,9932.82,11451.72,19721.87,24188.43,11492.380000000001,15900.746428571429,16324.416,1762.4453177806156,6571.590490720515
2017-04-16,7187.76,10945.218571428572,16026.432666666666,April,4,Sunday,1,2017,4,2,15,16,6,9979.54,10518.56,12476.960000000001,11017.89,18305.97,16127.26,10945.218571428572,15106.588571428572,16026.432666666666,2409.9168094523748,6780.204544060822
2017-04-17,11472.04,10452.369999999999,15762.243333333334,April,4,Monday,0,2017,4,2,16,17,0,7187.76,9979.54,10518.56,14921.98,14977.140000000001,19397.72,10452.369999999999,14856.224285714286,15762.243333333334,1713.1260669801395,6798.699343872167
2017-04-18,26631.78,12599.922857142858,16370.113333333335,April,4,Tuesday,0,2017,4,2,16,18,1,11472.04,7187.76,9979.54,11598.91,17230.36,8395.68,12599.922857142858,15527.754285714287,16370.113333333335,6400.308281444256,6931.294510580423
2017-04-19,17429.04,13670.811428571427,16179.383666666667,April,4,Wednesday,0,2017,4,2,16,19,2,26631.78,11472.04,7187.76,9932.82,21757.17,23150.93,13670.811428571427,15218.602142857142,16179.383666666667,6505.933125323456,6816.038340272047
2017-04-20,20158.29,14768.144285714287,16337.038,April,4,Thursday,0,2017,4,2,16,20,3,17429.04,26631.78,11472.04,12476.960000000001,41552.87,15428.66,14768.144285714287,13690.417857142858,16337.038,6906.471797919829,6852.674896677034
2017-04-21,12732.67,15084.445714285715,16071.059666666666,April,4,Friday,0,2017,4,2,16,21,4,20158.29,17429.04,26631.78,10518.56,16888.56,20712.02,15084.445714285715,13393.568571428574,16071.059666666666,6727.802749080016,6831.832467137271
2017-04-22,18034.59,16235.167142857143,15776.704,April,4,Saturday,1,2017,4,2,16,22,5,12732.67,20158.29,17429.04,9979.54,11451.72,26865.26,16235.167142857143,13863.773571428572,15776.704,6389.49853659298,6534.4852940610945
2017-04-23,12420.74,16982.735714285714,15743.471666666668,April,4,Sunday,1,2017,4,2,16,23,6,18034.59,12732.67,20158.29,7187.76,11017.89,13417.71,16982.735714285714,13963.977142857142,15743.471666666668,5381.084406377761,6549.41417156084
2017-04-24,30177.64,19654.964285714286,16239.298333333334,April,4,Monday,0,2017,4,2,17,24,0,12420.74,18034.59,12732.67,11472.04,14921.98,15302.84,19654.964285714286,15053.667142857144,16239.298333333334,6676.93179810621,7058.195750787524
2017-04-25,20349.01,18757.425714285713,16630.904666666665,April,4,Tuesday,0,2017,4,2,17,25,1,30177.64,12420.74,18034.59,26631.78,11598.91,8600.82,18757.425714285713,15678.674285714285,16630.904666666665,5967.344788532713,6944.778250628674
2017-04-26,22207.64,19440.082857142854,16679.627,April,4,Wednesday,0,2017,4,2,17,26,2,20349.01,30177.64,12420.74,17429.04,9932.82,20745.97,19440.082857142854,16555.447142857145,16679.627,6062.62384808127,6979.683329120387
2017-04-27,16141.25,18866.219999999998,16625.921333333335,April,4,Thursday,0,2017,4,2,17,27,3,22207.64,20349.01,30177.64,20158.29,12476.960000000001,17752.420000000002,18866.219999999998,16817.182142857146,16625.921333333335,6172.434611609908,6977.342241470248
2017-04-28,21199.05,20075.702857142856,16915.904666666665,April,4,Friday,0,2017,4,2,17,28,4,16141.25,22207.64,20349.01,12732.67,10518.56,12499.55,20075.702857142856,17580.074285714287,16915.904666666665,5570.389168659917,6980.711586335956
2017-04-29,17885.88,20054.45857142857,17024.54,April,4,Saturday,1,2017,4,2,17,29,5,21199.05,16141.25,22207.64,18034.59,9979.54,14626.82,20054.45857142857,18144.812857142857,17024.54,5579.746651271979,6969.209591959628
2017-04-30,10078.83,19719.899999999998,16881.284333333333,April,4,Sunday,1,2017,4,2,17,30,6,17885.88,21199.05,16141.25,12420.74,7187.76,14376.5,19719.899999999998,18351.317857142854,16881.284333333333,6154.367504160487,7068.974694577506
2017-05-01,16990.38,17836.005714285715,16790.234666666667,May,5,Monday,0,2017,5,2,18,1,0,10078.83,17885.88,21199.05,30177.64,11472.04,19721.87,17836.005714285715,18745.484999999997,16790.234666666667,4092.6761013256187,7048.687741469542
2017-05-02,23050.22,18221.89285714286,16948.376333333334,May,5,Tuesday,0,2017,5,2,18,2,1,16990.38,10078.83,17885.88,20349.01,26631.78,18305.97,18221.89285714286,18489.659285714286,16948.376333333334,4478.289552391304,7136.539455497483
2017-05-03,13582.18,16989.684285714287,16901.877666666664,May,5,Wednesday,0,2017,5,2,18,3,2,23050.22,16990.38,10078.83,22207.64,17429.04,14977.140000000001,16989.684285714287,18214.88357142857,16901.877666666664,4384.496422163198,7154.348347126544
2017-05-04,19984.22,17538.68,16993.673,May,5,Thursday,0,2017,5,2,18,4,3,13582.18,23050.22,16990.38,16141.25,20158.29,17230.36,17538.68,18202.45,16993.673,4499.638552198755,7176.341518246702
2017-05-05,18925.19,17213.84285714286,16899.273666666668,May,5,Friday,0,2017,5,2,18,5,4,19984.22,13582.18,23050.22,21199.05,12732.67,21757.17,17213.84285714286,18644.772857142856,16899.273666666668,4267.433847566606,7129.997260813656
2017-05-06,22329.64,17848.665714285715,16258.499333333335,May,5,Saturday,1,2017,5,2,18,6,5,18925.19,19984.22,13582.18,17885.88,18034.59,41552.87,17848.665714285715,18951.562142857143,16258.499333333335,4693.340955118774,5519.995880797397
2017-05-07,21354.88,19459.530000000002,16407.376666666667,May,5,Sunday,1,2017,5,2,18,7,6,22329.64,18925.19,19984.22,10078.83,12420.74,16888.56,19459.530000000002,19589.715,16407.376666666667,3314.7071586944057,5597.263699840666
2017-05-08,25882.82,20729.87857142857,16888.413333333334,May,5,Monday,0,2017,5,2,19,8,0,21354.88,22329.64,18925.19,16990.38,30177.64,11451.72,20729.87857142857,19282.942142857144,16888.413333333334,3868.4440355799643,5774.005577813637
2017-05-09,38482.48,22934.487142857142,17803.899666666668,May,5,Tuesday,0,2017,5,2,19,9,1,25882.82,21354.88,22329.64,23050.22,20349.01,11017.89,22934.487142857142,20578.190000000002,17803.899666666668,7805.318016183391,6882.0914177047025
2017-05-10,32587.11,25649.477142857148,18392.737333333334,May,5,Wednesday,0,2017,5,2,19,10,2,38482.48,25882.82,21354.88,13582.18,22207.64,14921.98,25649.477142857148,21319.580714285716,18392.737333333334,7298.9407933587845,7365.736705040832
2017-05-11,25940.22,26500.33428571429,18870.781,May,5,Thursday,0,2017,5,2,19,11,3,32587.11,38482.48,25882.82,19984.22,16141.25,11598.91,26500.33428571429,22019.507142857143,18870.781,6862.566429565184,7374.983042371786
2017-05-12,17587.64,26309.255714285715,19125.941666666666,May,5,Friday,0,2017,5,2,19,12,4,25940.22,32587.11,38482.48,18925.19,21199.05,9932.82,26309.255714285715,21761.549285714285,19125.941666666666,7122.34323963645,7185.058650198118
2017-05-13,12443.32,24896.924285714285,19124.820333333337,May,5,Saturday,1,2017,5,2,19,13,5,17587.64,25940.22,32587.11,22329.64,17885.88,12476.960000000001,24896.924285714285,21372.795000000002,19124.820333333337,8820.720972890767,7186.134647076049
2017-05-14,20277.89,24743.068571428572,19450.13133333333,May,5,Sunday,1,2017,5,2,19,14,6,12443.32,17587.64,25940.22,21354.88,10078.83,10518.56,24743.068571428572,22101.299285714285,19450.13133333333,8901.820130685677,7001.631433386886
2017-05-15,28297.83,25088.070000000003,20060.740999999998,May,5,Monday,0,2017,5,2,20,15,0,20277.89,12443.32,17587.64,25882.82,16990.38,9979.54,25088.070000000003,22908.97428571429,20060.740999999998,8999.615949487317,6945.767219316632
2017-05-16,30899.98,24004.855714285713,20851.14833333333,May,5,Tuesday,0,2017,5,2,20,16,1,28297.83,20277.89,12443.32,38482.48,23050.22,7187.76,24004.855714285713,23469.67142857143,20851.14833333333,7439.905126054704,6777.498102565826
2017-05-17,24222.07,22809.850000000002,21276.14933333333,May,5,Wednesday,0,2017,5,2,20,17,2,30899.98,28297.83,20277.89,32587.11,13582.18,11472.04,22809.850000000002,24229.663571428573,21276.14933333333,6435.694116011612,6565.522800394728
2017-05-18,27611.75,23048.639999999996,21308.815,May,5,Thursday,0,2017,5,2,20,18,3,24222.07,30899.98,28297.83,25940.22,19984.22,26631.78,23048.639999999996,24774.487142857142,21308.815,6600.111554026934,6595.457277365235
2017-05-19,32840.03,25227.552857142855,21822.514666666666,May,5,Friday,0,2017,5,2,20,19,4,27611.75,24222.07,30899.98,17587.64,18925.19,17429.04,25227.552857142855,25768.404285714285,21822.514666666666,7002.190176563112,6877.001374217139
2017-05-20,14080.06,25461.372857142855,21619.907000000003,May,5,Saturday,1,2017,5,2,20,20,5,32840.03,27611.75,24222.07,12443.32,22329.64,20158.29,25461.372857142855,25179.148571428574,21619.907000000003,6514.4875510938655,7015.858277318241
2017-05-21,23073.010000000002,25860.675714285717,21964.585000000003,May,5,Sunday,1,2017,5,2,20,21,6,14080.06,32840.03,27611.75,20277.89,21354.88,12732.67,25860.675714285717,25301.872142857144,21964.585000000003,6222.954436669265,6815.322981136346
2017-05-22,32192.68,26417.082857142854,22436.521333333334,May,5,Monday,0,2017,5,2,21,22,0,23073.010000000002,14080.06,32840.03,28297.83,25882.82,18034.59,26417.082857142854,25752.57642857143,22436.521333333334,6637.499609877472,7020.898710343894
2017-05-23,24903.84,25560.49142857143,22852.624666666667,May,5,Tuesday,0,2017,5,2,21,23,1,32192.68,23073.010000000002,14080.06,30899.98,38482.48,12420.74,25560.49142857143,24782.67357142857,22852.624666666667,6342.918642726503,6772.345054277595
2017-05-24,30826.04,26503.915714285715,22874.238,May,5,Wednesday,0,2017,5,2,21,24,2,24903.84,32192.68,23073.010000000002,24222.07,32587.11,30177.64,26503.915714285715,24656.882857142857,22874.238,6596.716173053707,6797.5161712422105
2017-05-25,22894.39,25830.007142857143,22959.084,May,5,Thursday,0,2017,5,2,21,25,3,30826.04,24903.84,32192.68,27611.75,25940.22,20349.01,25830.007142857143,24439.323571428573,22959.084,6704.753231177884,6780.774600219108
2017-05-26,15406.0,23339.431428571428,22732.362666666668,May,5,Friday,0,2017,5,2,21,26,4,22894.39,30826.04,24903.84,32840.03,17587.64,22207.64,23339.431428571428,24283.492142857143,22732.362666666668,6901.944509610858,6919.065499305195
2017-05-27,21976.62,24467.51142857143,22926.875,May,5,Saturday,1,2017,5,2,21,27,5,15406.0,22894.39,30826.04,14080.06,12443.32,16141.25,24467.51142857143,24964.442142857144,22926.875,5672.07152657188,6808.523774083512
2017-05-28,12767.72,22995.32714285714,22645.830666666665,May,5,Sunday,1,2017,5,2,21,28,6,21976.62,15406.0,22894.39,23073.010000000002,20277.89,21199.05,22995.32714285714,24428.001428571424,22645.830666666665,7220.382857523808,7051.9680722035955
2017-05-29,24956.93,21961.648571428574,22881.532333333333,May,5,Monday,0,2017,5,2,22,29,0,12767.72,21976.62,15406.0,32192.68,28297.83,17885.88,21961.648571428574,24189.365714285716,22881.532333333333,6118.015992712083,7005.403698917341
2017-05-30,24146.19,21853.41285714286,23350.444333333333,May,5,Tuesday,0,2017,5,2,22,30,1,24956.93,12767.72,21976.62,24903.84,30899.98,10078.83,21853.41285714286,23706.952142857142,23350.444333333333,6063.75082195201,6576.57432738493
2017-05-31,27016.18,21309.147142857142,23684.637666666666,May,5,Wednesday,0,2017,5,2,22,31,2,24146.19,24956.93,12767.72,30826.04,24222.07,16990.38,21309.147142857142,23906.53142857143,23684.637666666666,5239.067899552713,6496.485019787393
2017-06-01,23534.75,21400.62714285714,23700.788666666667,June,6,Thursday,0,2017,6,2,22,1,3,27016.18,24146.19,24956.93,22894.39,27611.75,23050.22,21400.62714285714,23615.317142857144,23700.788666666667,5276.816081779208,6495.455614743938
2017-06-02,22848.42,22463.829999999998,24009.66333333333,June,6,Friday,0,2017,6,2,22,2,4,23534.75,27016.18,24146.19,15406.0,32840.03,13582.18,22463.829999999998,22901.630714285715,24009.66333333333,4570.1290122708615,6211.8228482791055
2017-06-03,18662.010000000002,21990.31428571429,23965.589666666663,June,6,Saturday,1,2017,6,2,22,3,5,22848.42,23534.75,27016.18,21976.62,14080.06,19984.22,21990.31428571429,23228.91285714286,23965.589666666663,4795.195806557686,6245.965531926764
2017-06-04,16653.14,22545.374285714286,23889.854666666666,June,6,Sunday,1,2017,6,2,22,4,6,18662.010000000002,22848.42,23534.75,12767.72,23073.010000000002,18925.19,22545.374285714286,22770.350714285716,23889.854666666666,3634.00513004982,6322.49594694665
2017-06-05,31011.65,23410.334285714285,24179.255,June,6,Monday,0,2017,6,2,23,5,0,16653.14,18662.010000000002,22848.42,24956.93,32192.68,22329.64,23410.334285714285,22685.99142857143,24179.255,4828.061940492104,6446.110341078327
2017-06-06,21516.66,23034.687142857143,24184.647666666668,June,6,Tuesday,0,2017,6,2,23,6,1,31011.65,16653.14,18662.010000000002,24146.19,24903.84,21354.88,23034.687142857143,22444.05,24184.647666666668,4863.432187319667,6443.733290674714
2017-06-07,17213.13,21634.25142857143,23895.658,June,6,Wednesday,0,2017,6,2,23,7,2,21516.66,31011.65,16653.14,27016.18,30826.04,25882.82,21634.25142857143,21471.699285714287,23895.658,4936.725242355923,6558.337892355521
2017-06-08,31051.04,22708.007142857143,23647.943333333333,June,6,Thursday,0,2017,6,2,23,8,3,17213.13,21516.66,31011.65,23534.75,22894.39,38482.48,22708.007142857143,22054.317142857144,23647.943333333333,6099.465680865577,6113.651542252961
2017-06-09,21766.57,22553.457142857143,23287.25866666667,June,6,Friday,0,2017,6,2,23,9,4,31051.04,17213.13,21516.66,22848.42,15406.0,32587.11,22553.457142857143,22508.643571428573,23287.25866666667,6109.013528635944,5882.919115554525
2017-06-10,10817.02,21432.74428571429,22783.152000000002,June,6,Saturday,1,2017,6,2,23,10,5,21766.57,31051.04,17213.13,18662.010000000002,21976.62,25940.22,21432.74428571429,21711.52928571429,22783.152000000002,7502.5428194242995,6282.154047751351
2017-06-11,19615.38,21855.921428571426,22850.743333333336,June,6,Sunday,1,2017,6,2,23,11,6,10817.02,21766.57,31051.04,16653.14,12767.72,17587.64,21855.921428571426,22200.647857142856,22850.743333333336,7267.892130265887,6235.058558921613
2017-06-12,28826.89,21543.812857142857,23396.862333333334,June,6,Monday,0,2017,6,2,24,12,0,19615.38,10817.02,21766.57,31011.65,24956.93,12443.32,21543.812857142857,22477.07357142857,23396.862333333334,6843.715985373517,6005.328643680682
2017-06-13,18857.27,21163.899999999998,23349.508333333335,June,6,Tuesday,0,2017,6,2,24,13,1,28826.89,19615.38,10817.02,21516.66,24146.19,20277.89,21163.899999999998,22099.29357142857,23349.508333333335,6918.876711856235,6036.292049609018
2017-06-14,28618.45,22793.231428571427,23360.195666666667,June,6,Wednesday,0,2017,6,2,24,14,2,18857.27,28826.89,19615.38,17213.13,27016.18,28297.83,22793.231428571427,22213.74142857143,23360.195666666667,7171.7479912952485,6045.631828405155
2017-06-15,17790.79,20898.91,22923.22266666667,June,6,Thursday,0,2017,6,2,24,15,3,28618.45,18857.27,28826.89,31051.04,23534.75,30899.98,20898.91,21803.45857142857,22923.22266666667,6328.739443003893,5954.951088536468
2017-06-16,16023.41,20078.458571428575,22649.934,June,6,Friday,0,2017,6,2,24,16,4,17790.79,28618.45,18857.27,21766.57,22848.42,24222.07,20078.458571428575,21315.95785714286,22649.934,6565.3552857973755,6080.102202858452
2017-06-17,14798.33,20647.217142857142,22222.820000000003,June,6,Saturday,1,2017,6,2,24,17,5,16023.41,17790.79,28618.45,10817.02,18662.010000000002,27611.75,20647.217142857142,21039.980714285713,22222.820000000003,5751.296220606016,6168.934735637247
2017-06-18,21651.87,20938.144285714287,21849.881333333335,June,6,Sunday,1,2017,6,2,24,18,6,14798.33,16023.41,17790.79,19615.38,16653.14,32840.03,20938.144285714287,21397.032857142854,21849.881333333335,5741.901812694855,5834.041763499838
2017-06-19,30918.2,21236.902857142857,22411.152666666665,June,6,Monday,0,2017,6,2,25,19,0,21651.87,14798.33,16023.41,28826.89,31011.65,14080.06,21236.902857142857,21390.35785714286,22411.152666666665,6252.479839862769,5870.612874805669
2017-06-20,23014.09,21830.734285714287,22409.188666666665,June,6,Tuesday,0,2017,6,2,25,20,1,30918.2,21651.87,14798.33,18857.27,21516.66,23073.010000000002,21830.734285714287,21497.317142857144,22409.188666666665,6185.848313346233,5870.3936683730235
2017-06-21,7834.78,18861.63857142857,21597.25866666667,June,6,Wednesday,0,2017,6,2,25,21,2,23014.09,30918.2,21651.87,28618.45,17213.13,32192.68,18861.63857142857,20827.434999999998,21597.25866666667,7276.59790424167,6148.461844080077
2017-06-22,11969.3,18029.99714285714,21166.107333333337,June,6,Thursday,0,2017,6,2,25,22,3,7834.78,23014.09,30918.2,17790.79,31051.04,24903.84,18029.99714285714,19464.45357142857,21166.107333333337,7737.457424980798,6358.516613501841
2017-06-23,17154.84,18191.63,20710.40066666667,June,6,Friday,0,2017,6,2,25,23,4,11969.3,7834.78,23014.09,16023.41,21766.57,30826.04,18191.63,19135.044285714284,20710.40066666667,7700.282637881981,6128.050772148286
2017-06-24,11774.18,17759.60857142857,20339.727000000003,June,6,Saturday,1,2017,6,2,25,24,5,17154.84,11969.3,7834.78,14798.33,10817.02,22894.39,17759.60857142857,19203.41285714286,20339.727000000003,8001.341535735178,6324.559254359514
2017-06-25,23464.14,18018.504285714287,20608.331666666665,June,6,Sunday,1,2017,6,2,25,25,6,11774.18,17154.84,11969.3,21651.87,19615.38,15406.0,18018.504285714287,19478.324285714283,20608.331666666665,8175.691500661901,6278.747084467648
2017-06-26,18673.8,16269.304285714286,20498.237666666668,June,6,Monday,0,2017,6,2,26,26,0,23464.14,11774.18,17154.84,30918.2,28826.89,21976.62,16269.304285714286,18753.10357142857,20498.237666666668,5967.424731489732,6282.882774298531
2017-06-27,22780.75,16235.970000000001,20832.005333333334,June,6,Tuesday,0,2017,6,2,26,27,1,18673.8,23464.14,11774.18,23014.09,18857.27,12767.72,16235.970000000001,19033.352142857144,20832.005333333334,5923.962079163465,6121.952573940005
2017-06-28,22127.44,18277.778571428567,20737.689,June,6,Wednesday,0,2017,6,2,26,28,2,22780.75,18673.8,23464.14,7834.78,28618.45,24956.93,18277.778571428567,18569.70857142857,20737.689,4924.539063717633,6077.84863411579
2017-06-29,16427.88,18914.71857142857,20480.412,June,6,Thursday,0,2017,6,2,26,29,3,22127.44,22780.75,18673.8,11969.3,17790.79,24146.19,18914.71857142857,18472.35785714286,20480.412,4208.956419226456,6091.9333533414965
2017-06-30,15850.65,18728.405714285713,20108.227666666666,June,6,Friday,0,2017,6,2,26,30,4,16427.88,22127.44,22780.75,17154.84,16023.41,27016.18,18728.405714285713,18460.01785714286,20108.227666666666,4327.051365013117,6019.510533866432
2017-07-01,18362.2,19669.551428571427,19935.809333333335,July,7,Saturday,1,2017,7,3,26,1,5,15850.65,16427.88,22127.44,11774.18,14798.33,23534.75,19669.551428571427,18714.579999999998,19935.809333333335,3106.788417967054,5991.995867518455
2017-07-02,16042.46,18609.31142857143,19708.944000000003,July,7,Sunday,1,2017,7,3,26,2,6,18362.2,15850.65,16427.88,23464.14,21651.87,22848.42,18609.31142857143,18313.907857142858,19708.944000000003,2851.927226914156,6006.741188795855
2017-07-03,23035.67,19232.43571428571,19854.73266666667,July,7,Monday,0,2017,7,3,27,3,0,16042.46,18362.2,15850.65,18673.8,30918.2,18662.010000000002,19232.43571428571,17750.87,19854.73266666667,3308.3590530798188,6033.471742003218
2017-07-04,19470.26,18759.50857142857,19948.636666666665,July,7,Tuesday,0,2017,7,3,27,4,1,23035.67,16042.46,18362.2,22780.75,23014.09,16653.14,18759.50857142857,17497.739285714288,19948.636666666665,2931.7754372872637,6003.7739320182345
2017-07-05,28536.2,19675.045714285716,19866.121666666666,July,7,Wednesday,0,2017,7,3,27,5,2,19470.26,23035.67,16042.46,22127.44,7834.78,31011.65,19675.045714285716,18976.412142857145,19866.121666666666,4653.764043767352,5861.815240827764
2017-07-06,30575.63,21696.152857142857,20168.087333333333,July,7,Thursday,0,2017,7,3,27,6,3,28536.2,19470.26,23035.67,16427.88,11969.3,21516.66,21696.152857142857,20305.43571428571,20168.087333333333,5910.860803976894,6174.751854980556
2017-07-07,20279.88,22328.9,20270.31233333333,July,7,Friday,0,2017,7,3,27,7,4,30575.63,28536.2,19470.26,15850.65,17154.84,17213.13,22328.9,20528.652857142857,20270.31233333333,5395.414645625785,6149.478474906294
2017-07-08,12966.1,21558.028571428575,19667.481000000003,July,7,Saturday,1,2017,7,3,27,8,5,20279.88,30575.63,28536.2,18362.2,11774.18,31051.04,21558.028571428575,20613.79,19667.481000000003,6356.500751510026,5939.034346739731
2017-07-09,11539.75,20914.78428571429,19326.587,July,7,Sunday,1,2017,7,3,27,9,6,12966.1,20279.88,30575.63,16042.46,23464.14,21766.57,20914.78428571429,19762.04785714286,19326.587,7181.90639981905,6105.563644748697
2017-07-10,26938.84,21472.38,19863.980999999996,July,7,Monday,0,2017,7,3,28,10,0,11539.75,12966.1,20279.88,23035.67,18673.8,10817.02,21472.38,20352.407857142858,19863.980999999996,7517.68334646385,6039.893841992624
2017-07-11,30001.68,22976.868571428575,20210.191,July,7,Tuesday,0,2017,7,3,28,11,1,26938.84,11539.75,12966.1,19470.26,22780.75,19615.38,22976.868571428575,20868.18857142857,20210.191,8082.795002873748,6316.49321273167
2017-07-12,26087.65,22627.075714285715,20118.882999999998,July,7,Wednesday,0,2017,7,3,28,12,2,30001.68,26938.84,11539.75,28536.2,22127.44,28826.89,22627.075714285715,21151.06071428571,20118.882999999998,7851.7913053240145,6206.479975222315
2017-07-13,23192.39,21572.327142857142,20263.387000000002,July,7,Thursday,0,2017,7,3,28,13,3,26087.65,30001.68,26938.84,30575.63,16427.88,18857.27,21572.327142857142,21634.239999999998,20263.387000000002,7062.298532587701,6226.527655064015
2017-07-14,25719.85,22349.465714285714,20166.767,July,7,Friday,0,2017,7,3,28,14,4,23192.39,26087.65,30001.68,20279.88,15850.65,28618.45,22349.465714285714,22339.18285714286,20166.767,7194.445532253462,6113.8779401469
2017-07-15,16145.24,22803.62857142857,20111.91533333333,July,7,Saturday,1,2017,7,3,28,15,5,25719.85,23192.39,26087.65,12966.1,18362.2,17790.79,22803.62857142857,22180.828571428574,20111.91533333333,6577.249886027404,6143.2406142443815
2017-07-16,23846.19,24561.691428571427,20372.674666666666,July,7,Sunday,1,2017,7,3,28,16,6,16145.24,25719.85,23192.39,11539.75,16042.46,16023.41,24561.691428571427,22738.23785714286,20372.674666666666,4323.150378529618,6129.7235709128945
2017-07-17,33559.81,25507.544285714284,20998.057333333334,July,7,Monday,0,2017,7,3,29,17,0,23846.19,16145.24,25719.85,26938.84,23035.67,14798.33,25507.544285714284,23489.962142857144,20998.057333333334,5495.310338151526,6487.988732669616
2017-07-18,41506.59,27151.102857142858,21659.88133333333,July,7,Tuesday,0,2017,7,3,29,18,1,33559.81,23846.19,16145.24,30001.68,19470.26,21651.87,27151.102857142858,25063.985714285714,21659.88133333333,8145.078562962026,7491.968221183658
2017-07-19,29295.95,27609.431428571428,21605.80633333333,July,7,Wednesday,0,2017,7,3,29,19,2,41506.59,33559.81,23846.19,26087.65,28536.2,30918.2,27609.431428571428,25118.25357142857,21605.80633333333,8165.504786519978,7428.424913034829
2017-07-20,30100.94,28596.36714285714,21842.034666666666,July,7,Thursday,0,2017,7,3,29,20,3,29295.95,41506.59,33559.81,23192.39,30575.63,23014.09,28596.36714285714,25084.347142857143,21842.034666666666,7957.510872994363,7585.770077367748
2017-07-21,25832.48,28612.45714285714,22441.958,July,7,Friday,0,2017,7,3,29,21,4,30100.94,29295.95,41506.59,25719.85,20279.88,7834.78,28612.45714285714,25480.961428571427,22441.958,7950.836274794631,7138.280853642954
2017-07-22,17717.670000000002,28837.09,22633.570333333333,July,7,Saturday,1,2017,7,3,29,22,5,25832.48,30100.94,29295.95,16145.24,12966.1,11969.3,28837.09,25820.359285714287,22633.570333333333,7552.112827646292,6921.324932341471
2017-07-23,14607.33,27517.252857142856,22548.653333333332,July,7,Sunday,1,2017,7,3,29,23,6,17717.670000000002,25832.48,30100.94,23846.19,11539.75,17154.84,27517.252857142856,26039.472142857143,22548.653333333332,9197.732014206375,7005.9707212635685
2017-07-24,28457.34,26788.32857142857,23104.758666666665,July,7,Monday,0,2017,7,3,30,24,0,14607.33,17717.670000000002,25832.48,33559.81,26938.84,11774.18,26788.32857142857,26147.93642857143,23104.758666666665,8834.040203876933,6779.713285897174
2017-07-25,26576.32,24655.432857142856,23208.498000000003,July,7,Tuesday,0,2017,7,3,30,25,1,28457.34,14607.33,17717.670000000002,41506.59,30001.68,23464.14,24655.432857142856,25903.26785714286,23208.498000000003,6052.748923708708,6809.14846719314
2017-07-26,19006.03,23185.44428571429,23219.572333333334,July,7,Wednesday,0,2017,7,3,30,26,2,26576.32,28457.34,14607.33,29295.95,26087.65,18673.8,23185.44428571429,25397.437857142857,23219.572333333334,5987.068087260664,6801.785147815187
2017-07-27,23440.4,22233.93857142857,23241.560666666664,July,7,Thursday,0,2017,7,3,30,27,3,19006.03,26576.32,28457.34,30100.94,23192.39,22780.75,22233.93857142857,25415.152857142857,23241.560666666664,5179.660305153301,6801.383860018257
2017-07-28,32020.53,23117.945714285714,23571.330333333335,July,7,Friday,0,2017,7,3,30,28,4,23440.4,19006.03,26576.32,25832.48,25719.85,22127.44,23117.945714285714,25865.20142857143,23571.330333333335,6302.524312222979,6982.916213831411
2017-07-29,22804.21,23844.594285714287,23783.874666666667,July,7,Saturday,1,2017,7,3,30,29,5,32020.53,23440.4,19006.03,17717.670000000002,16145.24,16427.88,23844.594285714287,26340.842142857142,23783.874666666667,5853.349490114902,6853.83553520204
2017-07-30,19010.13,24473.565714285713,23889.190666666665,July,7,Sunday,1,2017,7,3,30,30,6,22804.21,32020.53,23440.4,14607.33,23846.19,15850.65,24473.565714285713,25995.409285714286,23889.190666666665,4845.031124092844,6751.23647806367
2017-07-31,24407.27,23894.984285714287,24090.692999999996,July,7,Monday,0,2017,7,3,31,31,0,19010.13,22804.21,32020.53,28457.34,33559.81,18362.2,23894.984285714287,25341.656428571423,24090.692999999996,4520.999185953814,6670.313310522388
2017-08-01,34556.03,25034.942857142854,24707.811999999998,August,8,Tuesday,0,2017,8,3,31,1,1,24407.27,19010.13,22804.21,26576.32,41506.59,16042.46,25034.942857142854,24845.187857142857,24707.811999999998,6055.41627434676,6755.900252555442
2017-08-02,26581.37,26117.134285714284,24826.001999999997,August,8,Wednesday,0,2017,8,3,31,2,2,34556.03,24407.27,19010.13,19006.03,29295.95,23035.67,26117.134285714284,24651.289285714283,24826.001999999997,5444.478490274497,6756.65330562525
2017-08-03,25898.66,26468.31428571429,25040.282000000003,August,8,Thursday,0,2017,8,3,31,3,3,26581.37,34556.03,24407.27,23440.4,30100.94,19470.26,26468.31428571429,24351.12642857143,25040.282000000003,5320.927378705865,6682.472436679565
2017-08-04,26364.66,25660.332857142854,24967.89733333333,August,8,Friday,0,2017,8,3,31,4,4,25898.66,26581.37,34556.03,32020.53,25832.48,28536.2,25660.332857142854,24389.139285714286,24967.89733333333,4734.4027424681835,6655.003423319901
2017-08-05,16276.12,24727.748571428576,24491.247,August,8,Saturday,1,2017,8,3,31,5,5,26364.66,25898.66,26581.37,22804.21,17717.670000000002,30575.63,24727.748571428576,24286.17142857143,24491.247,5892.161954533109,6750.906727633555
2017-08-06,20859.36,24991.924285714285,24510.563000000002,August,8,Sunday,1,2017,8,3,31,6,6,16276.12,26364.66,25898.66,19010.13,14607.33,20279.88,24991.924285714285,24732.745,24510.563000000002,5628.649650756538,6739.2604363699875
2017-08-07,33051.16,26226.765714285717,25180.065,August,8,Monday,0,2017,8,3,32,7,0,20859.36,16276.12,26364.66,24407.27,28457.34,12966.1,26226.765714285717,25060.875,25180.065,6377.379393010503,6547.785856264306
2017-08-08,25051.65,24868.997142857144,25630.461666666666,August,8,Tuesday,0,2017,8,3,32,8,1,33051.16,20859.36,16276.12,34556.03,26576.32,11539.75,24868.997142857144,24951.969999999998,25630.461666666666,5214.168397743174,6020.665764990178
2017-08-09,33328.56,25832.881428571425,25843.452333333335,August,8,Wednesday,0,2017,8,3,32,9,2,25051.65,33051.16,20859.36,26581.37,19006.03,26938.84,25832.881428571425,25975.007857142857,25843.452333333335,6127.176960048355,6179.4765561213235
2017-08-10,28982.43,26273.420000000002,25809.477333333332,August,8,Thursday,0,2017,8,3,32,10,3,33328.56,25051.65,33051.16,25898.66,23440.4,30001.68,26273.420000000002,26370.867142857143,25809.477333333332,6242.470060686431,6158.592761245751
2017-08-11,29329.69,26696.995714285713,25917.54533333333,August,8,Friday,0,2017,8,3,32,11,4,28982.43,33328.56,25051.65,26364.66,32020.53,26087.65,26696.995714285713,26178.664285714283,25917.54533333333,6349.371906293436,6191.996601772625
2017-08-12,21110.8,27387.664285714283,25848.158999999996,August,8,Saturday,1,2017,8,3,32,12,5,29329.69,28982.43,33328.56,16276.12,22804.21,23192.39,27387.664285714283,26057.70642857143,25848.158999999996,5182.645913742162,6235.10011750958
2017-08-13,19694.46,27221.25,25647.31266666667,August,8,Sunday,1,2017,8,3,32,13,6,21110.8,29329.69,28982.43,20859.36,19010.13,25719.85,27221.25,26106.58714285714,25647.31266666667,5439.541821036012,6335.611179402118
2017-08-14,25882.96,26197.221428571425,25971.903333333332,August,8,Monday,0,2017,8,3,33,14,0,19694.46,21110.8,29329.69,33051.16,24407.27,16145.24,26197.221428571425,26211.99357142857,25971.903333333332,4795.734550046956,6076.138954271548
2017-08-15,33452.75,27397.37857142857,26292.122,August,8,Tuesday,0,2017,8,3,33,15,1,25882.96,19694.46,21110.8,25051.65,34556.03,23846.19,27397.37857142857,26133.187857142857,26292.122,5465.682940357413,6211.870402419153
2017-08-16,38644.909999999996,28156.85714285714,26461.625333333333,August,8,Wednesday,0,2017,8,3,33,16,2,33452.75,25882.96,19694.46,33328.56,26581.37,33559.81,28156.85714285714,26994.869285714285,26461.625333333333,6664.989825222809,6480.58858572208
2017-08-17,25570.08,27669.378571428573,25930.408333333333,August,8,Thursday,0,2017,8,3,33,17,3,38644.909999999996,33452.75,25882.96,28982.43,25898.66,41506.59,27669.378571428573,26971.399285714288,25930.408333333333,6719.113708457441,5824.801225946413
2017-08-18,23528.46,26840.63142857143,25738.158666666666,August,8,Friday,0,2017,8,3,33,18,4,25570.08,38644.909999999996,33452.75,29329.69,26364.66,29295.95,26840.63142857143,26768.81357142857,25738.158666666666,6836.931011680659,5805.035440171446
2017-08-19,19646.26,26631.411428571424,25389.66933333333,August,8,Saturday,1,2017,8,3,33,19,5,23528.46,25570.08,38644.909999999996,21110.8,16276.12,30100.94,26631.411428571424,27009.537857142856,25389.66933333333,7060.256781738235,5847.748406443428
2017-08-20,17491.91,26316.761428571426,25111.650333333335,August,8,Sunday,1,2017,8,3,33,20,6,19646.26,23528.46,25570.08,19694.46,20859.36,25832.48,26316.761428571426,26769.005714285715,25111.650333333335,7458.770160326751,6021.651639612811
2017-08-21,35502.32,27690.955714285716,25704.471999999998,August,8,Monday,0,2017,8,3,34,21,0,17491.91,19646.26,23528.46,25882.96,33051.16,17717.670000000002,27690.955714285716,26944.088571428572,25704.471999999998,8213.474162141236,6142.840830774503
2017-08-22,24101.97,26355.13,26020.960000000003,August,8,Tuesday,0,2017,8,3,34,22,1,35502.32,17491.91,19646.26,33452.75,25051.65,14607.33,26355.13,26876.254285714287,26020.960000000003,7873.568436725484,5785.585009499461
2017-08-23,74614.45,31493.635714285716,27559.530333333336,August,8,Wednesday,0,2017,8,3,34,23,2,24101.97,35502.32,17491.91,38644.909999999996,33328.56,28457.34,31493.635714285716,29825.24642857143,27559.530333333336,19853.84961474965,10594.553229615447
2017-08-24,18847.97,30533.33428571428,27301.918666666665,August,8,Thursday,0,2017,8,3,34,24,3,74614.45,24101.97,35502.32,25570.08,28982.43,26576.32,30533.33428571428,29101.356428571427,27301.918666666665,20344.619126326623,10712.586624889609
2017-08-25,20201.6,30058.06857142857,27341.770999999997,August,8,Friday,0,2017,8,3,34,25,4,18847.97,74614.45,24101.97,23528.46,29329.69,19006.03,30058.06857142857,28449.350000000002,27341.770999999997,20573.10741181913,10682.843099264306
2017-08-26,13289.59,29149.972857142857,27003.41066666667,August,8,Saturday,1,2017,8,3,34,26,5,20201.6,18847.97,74614.45,19646.26,21110.8,23440.4,29149.972857142857,27890.69214285714,27003.41066666667,21238.801529895474,10967.631730567826
2017-08-27,21327.56,29697.92285714286,26646.978333333333,August,8,Sunday,1,2017,8,3,34,27,6,13289.59,20201.6,18847.97,17491.91,19694.46,32020.53,29697.92285714286,28007.342142857146,26646.978333333333,20935.2100199112,10972.712080557272
2017-08-28,30069.39,28921.79,26889.151,August,8,Monday,0,2017,8,3,35,28,0,21327.56,13289.59,20201.6,35502.32,25882.96,22804.21,28921.79,28306.372857142855,26889.151,20784.32260795541,10965.14620375109
2017-08-29,41954.18,31472.105714285713,27653.952666666668,August,8,Tuesday,0,2017,8,3,35,29,1,30069.39,21327.56,13289.59,24101.97,33452.75,19010.13,31472.105714285713,28913.617857142854,27653.952666666668,21185.734784721575,11194.40590897477
2017-08-30,39286.61,26425.27142857143,28149.930666666667,August,8,Wednesday,0,2017,8,3,35,30,2,41954.18,30069.39,21327.56,74614.45,38644.909999999996,24407.27,26425.27142857143,28959.453571428574,28149.930666666667,10912.706682452686,11373.78251005353
2017-08-31,30855.489999999998,28140.631428571425,28026.579333333335,August,8,Thursday,0,2017,8,3,35,31,3,39286.61,41954.18,30069.39,18847.97,25570.08,34556.03,28140.631428571425,29336.98285714286,28026.579333333335,10457.350867272624,11321.859243392522
2017-09-01,38766.03,30792.692857142858,28432.734666666667,September,9,Friday,0,2017,9,3,35,1,4,30855.489999999998,39286.61,41954.18,20201.6,23528.46,26581.37,30792.692857142858,30425.38071428571,28432.734666666667,10462.424742851132,11485.59624358558
2017-09-02,24897.9,32451.022857142856,28399.375999999997,September,9,Saturday,1,2017,9,3,35,2,5,38766.03,30855.489999999998,39286.61,13289.59,19646.26,25898.66,32451.022857142856,30800.49785714286,28399.375999999997,7809.327259518382,11494.65970268371
2017-09-03,43985.95,35687.93571428571,28986.752333333334,September,9,Sunday,1,2017,9,3,35,3,6,24897.9,38766.03,30855.489999999998,21327.56,17491.91,26364.66,35687.93571428571,32692.929285714286,28986.752333333334,7093.347092183979,11832.363188164876
2017-09-04,31781.23,35932.48428571429,29503.58933333333,September,9,Monday,0,2017,9,3,36,4,0,43985.95,24897.9,38766.03,30069.39,35502.32,16276.12,35932.48428571429,32427.13714285714,29503.58933333333,6894.068747713131,11594.254011573546
2017-09-05,32031.04,34514.892857142855,29875.978666666666,September,9,Tuesday,0,2017,9,3,36,5,1,31781.23,43985.95,24897.9,41954.18,24101.97,20859.36,34514.892857142855,32993.499285714286,29875.978666666666,6455.780270679151,11485.943655555913
2017-09-06,34408.37,33818.00142857143,29921.219,September,9,Wednesday,0,2017,9,3,36,6,2,32031.04,31781.23,43985.95,39286.61,74614.45,33051.16,33818.00142857143,30121.63642857143,29921.219,6108.8058353615515,11501.543437903832
2017-09-07,22057.34,32561.12285714286,29821.408666666666,September,9,Thursday,0,2017,9,3,36,7,3,34408.37,32031.04,31781.23,30855.489999999998,18847.97,25051.65,32561.12285714286,30350.877142857145,29821.408666666666,7554.066559087467,11558.111899511647
2017-09-08,20647.87,29972.81428571429,29398.718999999997,September,9,Friday,0,2017,9,3,36,8,4,22057.34,34408.37,32031.04,38766.03,20201.6,33328.56,29972.81428571429,30382.75357142857,29398.718999999997,8153.862700534129,11656.87938712302
2017-09-09,22042.44,29564.89142857143,29167.386000000002,September,9,Saturday,1,2017,9,3,36,9,5,20647.87,22057.34,34408.37,24897.9,13289.59,28982.43,29564.89142857143,31007.957142857143,29167.386000000002,8513.55914152521,11734.03298076938
2017-09-10,24492.1,26780.05571428571,29006.132999999998,September,9,Sunday,1,2017,9,3,36,10,6,22042.44,20647.87,22057.34,43985.95,21327.56,29329.69,26780.05571428571,31233.99571428571,29006.132999999998,5749.829684517779,11764.924857993594
2017-09-11,30550.89,26604.29285714286,29320.80266666667,September,9,Monday,0,2017,9,3,37,11,0,24492.1,22042.44,20647.87,31781.23,30069.39,21110.8,26604.29285714286,31268.38857142857,29320.80266666667,5587.999751049004,11672.351256129234
2017-09-12,60925.44,30732.06428571429,30695.168666666665,September,9,Tuesday,0,2017,9,3,37,12,1,30550.89,24492.1,22042.44,32031.04,41954.18,19694.46,30732.06428571429,32623.47857142857,30695.168666666665,14239.478719331515,12866.140945861109
2017-09-13,37461.93,31168.287142857145,31081.134333333335,September,9,Wednesday,0,2017,9,3,37,13,2,60925.44,30550.89,24492.1,34408.37,39286.61,25882.96,31168.287142857145,32493.144285714283,31081.134333333335,14416.543514018551,12890.456940804803
2017-09-14,34522.06,32948.96142857143,31116.778,September,9,Thursday,0,2017,9,3,37,14,3,37461.93,60925.44,30550.89,22057.34,30855.489999999998,33452.75,32948.96142857143,32755.04214285714,31116.778,13862.799077052012,12898.716614298577
2017-09-15,24649.97,33520.689999999995,30650.279999999995,September,9,Friday,0,2017,9,3,37,15,4,34522.06,37461.93,60925.44,20647.87,38766.03,38644.909999999996,33520.689999999995,31746.752142857145,30650.279999999995,13343.734378513878,12870.104414230682
2017-09-16,26118.93,34103.04571428571,30668.575,September,9,Saturday,1,2017,9,3,37,16,5,24649.97,34522.06,37461.93,22042.44,24897.9,25570.08,34103.04571428571,31833.96857142857,30668.575,12838.700244283364,12863.021982216487
2017-09-17,25044.08,34181.9,30719.095666666668,September,9,Sunday,1,2017,9,3,37,17,6,26118.93,24649.97,34522.06,24492.1,43985.95,23528.46,34181.9,30480.977857142858,30719.095666666668,12771.35075130008,12836.961495395239
2017-09-18,45569.9,36327.47285714286,31583.217,September,9,Monday,0,2017,9,3,38,18,0,25044.08,26118.93,24649.97,30550.89,31781.23,19646.26,36327.47285714286,31465.882857142857,31583.217,13309.910657470879,12938.018504522766
2017-09-19,31921.08,32183.992857142857,32064.189333333336,September,9,Tuesday,0,2017,9,3,38,19,1,45569.9,25044.08,26118.93,60925.44,32031.04,17491.91,32183.992857142857,31458.028571428575,32064.189333333336,7714.700848993239,12661.353837228315
2017-09-20,30459.09,31183.587142857144,31896.08166666667,September,9,Wednesday,0,2017,9,3,38,20,2,31921.08,45569.9,25044.08,37461.93,34408.37,35502.32,31183.587142857144,31175.937142857147,31896.08166666667,7362.208040245604,12647.603486383223
2017-09-21,27869.16,30233.17285714286,32021.654666666665,September,9,Thursday,0,2017,9,3,38,21,3,30459.09,31921.08,45569.9,34522.06,22057.34,24101.97,30233.17285714286,31591.067142857144,32021.654666666665,7288.457294850335,12586.102363734304
2017-09-22,28929.69,30844.561428571433,30498.829333333335,September,9,Friday,0,2017,9,3,38,22,4,27869.16,30459.09,31921.08,24649.97,20647.87,74614.45,30844.561428571433,32182.625714285714,30498.829333333335,6911.825614494397,9684.20920510503
2017-09-23,15362.97,29307.995714285713,30382.662666666667,September,9,Saturday,1,2017,9,3,38,23,5,28929.69,27869.16,30459.09,26118.93,22042.44,18847.97,29307.995714285713,31705.520714285718,30382.662666666667,9013.516159573643,9848.297951386092
2017-09-24,20102.35,28602.034285714286,30379.354333333333,September,9,Sunday,1,2017,9,3,38,24,6,15362.97,28929.69,27869.16,25044.08,24492.1,20201.6,28602.034285714286,31391.967142857146,30379.354333333333,9578.927448496617,9851.852034513942
2017-09-25,26100.37,25820.672857142858,30806.38033333333,September,9,Monday,0,2017,9,3,39,25,0,20102.35,15362.97,28929.69,45569.9,30550.89,13289.59,25820.672857142858,31074.07285714286,30806.38033333333,5982.379179826693,9350.43755679933
2017-09-26,28574.6,25342.604285714282,31047.948333333337,September,9,Tuesday,0,2017,9,3,39,26,1,26100.37,20102.35,15362.97,31921.08,60925.44,21327.56,25342.604285714282,28763.29857142857,31047.948333333337,5530.257142815512,9189.334049996673
2017-09-27,35526.28,26066.48857142857,31229.844666666664,September,9,Wednesday,0,2017,9,3,39,27,2,28574.6,26100.37,20102.35,30459.09,37461.93,30069.39,26066.48857142857,28625.03785714286,31229.844666666664,6549.341317637549,9223.241329442495
2017-09-28,39956.83,27793.298571428568,31163.266333333333,September,9,Thursday,0,2017,9,3,39,28,3,35526.28,28574.6,26100.37,27869.16,34522.06,41954.18,27793.298571428568,29013.235714285718,31163.266333333333,8427.950338602359,9150.07662007735
2017-09-29,139807.59,43632.99857142857,34513.96566666666,September,9,Friday,0,2017,9,3,39,29,4,39956.83,35526.28,28574.6,28929.69,24649.97,39286.61,43632.99857142857,37238.78,34513.96566666666,43235.43976029326,21836.996394472495
2017-09-30,17071.46,43877.06857142858,34054.498,September,9,Saturday,1,2017,9,3,39,30,5,139807.59,39956.83,35526.28,15362.97,26118.93,30855.489999999998,43877.06857142858,36592.53214285714,34054.498,43053.69386454834,22060.497679430566
2017-10-01,26352.18,44769.90142857143,33640.703,October,10,Sunday,1,2017,10,4,39,1,6,17071.46,139807.59,39956.83,20102.35,25044.08,38766.03,44769.90142857143,36685.96785714286,33640.703,42540.231458013724,22085.48560494912
2017-10-02,47835.24,47874.88285714285,34405.281,October,10,Monday,0,2017,10,4,40,2,0,26352.18,17071.46,139807.59,26100.37,45569.9,24897.9,47874.88285714285,36847.77785714286,34405.281,41736.04813607564,22169.256787342703
2017-10-03,34428.61,48711.17,34086.703,October,10,Tuesday,0,2017,10,4,40,3,1,47835.24,26352.18,17071.46,28574.6,31921.08,43985.95,48711.17,37026.887142857144,34086.703,41341.64967315406,22095.380244313543
2017-10-04,28315.64,47681.07857142858,33971.183333333334,October,10,Wednesday,0,2017,10,4,40,4,2,34428.61,47835.24,26352.18,35526.28,30459.09,31781.23,47681.07857142858,36873.78357142857,33971.183333333334,41812.08096431198,22116.898387867066
2017-10-05,55843.41,49950.590000000004,34764.929,October,10,Thursday,0,2017,10,4,40,5,3,28315.64,34428.61,47835.24,39956.83,27869.16,32031.04,49950.590000000004,38871.944285714286,34764.929,41754.0527990653,22469.356767170608
2017-10-06,26854.26,33814.4,34513.12533333334,October,10,Friday,0,2017,10,4,40,6,4,55843.41,28315.64,34428.61,139807.59,28929.69,34408.37,33814.4,38723.69928571429,34513.12533333334,13521.151130352537,22515.770112869588
2017-10-07,22739.18,34624.07428571429,34535.85333333333,October,10,Saturday,1,2017,10,4,40,7,5,26854.26,55843.41,28315.64,17071.46,15362.97,22057.34,34624.07428571429,39250.57142857143,34535.85333333333,12481.149909638221,22503.103933852195
2017-10-08,23045.38,34151.67428571429,34615.770333333334,October,10,Sunday,1,2017,10,4,40,8,6,22739.18,26854.26,55843.41,26352.18,20102.35,20647.87,34151.67428571429,39460.78785714286,34615.770333333334,12901.90174850962,22456.290269693578
2017-10-09,44911.6,33734.01142857143,35378.075666666664,October,10,Monday,0,2017,10,4,41,9,0,23045.38,22739.18,26854.26,47835.24,26100.37,22042.44,33734.01142857143,40804.44714285714,35378.075666666664,12423.56193725782,22402.852649208533
2017-10-10,36478.77,34026.89142857143,35777.63133333333,October,10,Tuesday,0,2017,10,4,41,10,1,44911.6,23045.38,22739.18,34428.61,28574.6,24492.1,34026.89142857143,41369.03071428571,35777.63133333333,12466.756654081337,22308.69949201011
2017-10-11,30437.76,34330.05142857142,35773.86033333334,October,10,Wednesday,0,2017,10,4,41,11,2,36478.77,44911.6,23045.38,28315.64,35526.28,30550.89,34330.05142857142,41005.565,35773.86033333334,12329.77600813364,22309.623014170134
2017-10-12,29657.95,30589.27142857143,34731.61066666667,October,10,Thursday,0,2017,10,4,41,12,3,30437.76,36478.77,44911.6,55843.41,39956.83,60925.44,30589.27142857143,40269.93071428571,34731.61066666667,7886.5935627249555,21819.06233994991
2017-10-13,32725.24,31427.98285714286,34573.721,October,10,Friday,0,2017,10,4,41,13,4,29657.95,30437.76,36478.77,26854.26,139807.59,37461.93,31427.98285714286,32621.191428571427,34573.721,7733.887998988016,21815.76143733358
2017-10-14,18681.04,30848.24857142857,34045.687,October,10,Saturday,1,2017,10,4,41,14,5,32725.24,29657.95,30437.76,22739.18,17071.46,34522.06,30848.24857142857,32736.161428571424,34045.687,8597.62327336348,22007.918644623813
2017-10-15,25186.37,31154.104285714282,34063.567,October,10,Sunday,1,2017,10,4,41,15,6,18681.04,32725.24,29657.95,23045.38,26352.18,24649.97,31154.104285714282,32652.889285714282,34063.567,8306.9452136247,22000.238570738926
2017-10-16,41087.86,30607.855714285713,34562.53133333333,October,10,Monday,0,2017,10,4,42,16,0,25186.37,18681.04,32725.24,44911.6,47835.24,26118.93,30607.855714285713,32170.933571428573,34562.53133333333,7318.402995678931,21983.582346537885
2017-10-17,60570.32,34049.50571428571,35746.73933333333,October,10,Tuesday,0,2017,10,4,42,17,1,41087.86,25186.37,18681.04,36478.77,34428.61,25044.08,34049.50571428571,34038.19857142858,35746.73933333333,13550.65240070242,22405.966407333683
2017-10-18,43583.75,35927.50428571428,35680.53433333334,October,10,Wednesday,0,2017,10,4,42,18,2,60570.32,41087.86,25186.37,30437.76,28315.64,45569.9,35927.50428571428,35128.77785714286,35680.53433333334,13873.77645934332,22378.85805412682
2017-10-19,32091.57,36275.16428571429,35686.217333333334,October,10,Thursday,0,2017,10,4,42,19,3,43583.75,60570.32,41087.86,29657.95,55843.41,31921.08,36275.16428571429,33432.21785714286,35686.217333333334,13720.125412671303,22377.892065533073
2017-10-20,23900.97,35014.55428571429,35467.61333333333,October,10,Friday,0,2017,10,4,42,20,4,32091.57,43583.75,60570.32,32725.24,26854.26,30459.09,35014.55428571429,33221.26857142857,35467.61333333333,14484.73798415752,22462.58736968964
2017-10-21,22051.79,35496.090000000004,35273.701,October,10,Saturday,1,2017,10,4,42,21,5,23900.97,32091.57,43583.75,18681.04,22739.18,27869.16,35496.090000000004,33172.169285714284,35273.701,13895.276411516028,22555.36244195378
2017-10-22,28290.65,35939.55857142857,35252.399666666664,October,10,Sunday,1,2017,10,4,42,22,6,22051.79,23900.97,32091.57,25186.37,23045.38,28929.69,35939.55857142857,33546.83142857143,35252.399666666664,13556.816414709907,22561.86115538061
2017-10-23,35550.77,35148.54571428571,35925.32633333334,October,10,Monday,0,2017,10,4,43,23,0,28290.65,22051.79,23900.97,41087.86,44911.6,15362.97,35148.54571428571,32878.20071428571,35925.32633333334,13366.561932583696,22247.04900110908
2017-10-24,35287.73,31536.747142857144,36431.505666666664,October,10,Tuesday,0,2017,10,4,43,24,1,35550.77,28290.65,22051.79,60570.32,36478.77,20102.35,31536.747142857144,32793.12642857143,36431.505666666664,7465.777581439479,22046.469661860672
2017-10-25,27506.99,29240.067142857144,36478.393000000004,October,10,Wednesday,0,2017,10,4,43,25,2,35287.73,35550.77,28290.65,43583.75,30437.76,26100.37,29240.067142857144,32583.785714285714,36478.393000000004,5301.139830368973,22025.225800282635
2017-10-26,37252.840000000004,29977.391428571427,36767.66766666667,October,10,Thursday,0,2017,10,4,43,26,3,27506.99,35287.73,35550.77,32091.57,29657.95,28574.6,29977.391428571427,33126.27785714286,36767.66766666667,6067.405151112639,21974.770803744024
2017-10-27,33447.15,31341.13142857143,36698.36333333333,October,10,Friday,0,2017,10,4,43,27,4,37252.840000000004,27506.99,35287.73,23900.97,32725.24,35526.28,31341.13142857143,33177.84285714286,36698.36333333333,5522.352325770979,21982.098285487762
2017-10-28,21876.48,31316.08714285714,36095.685000000005,October,10,Saturday,1,2017,10,4,43,28,5,33447.15,37252.840000000004,27506.99,22051.79,18681.04,39956.83,31316.08714285714,33406.088571428576,36095.685000000005,5571.678730175584,22136.987842380655
2017-10-29,27994.010000000002,31273.71,32368.565666666665,October,10,Sunday,1,2017,10,4,43,29,6,21876.48,33447.15,37252.840000000004,28290.65,25186.37,139807.59,31273.71,33606.63428571429,32368.565666666665,5599.583007031315,10345.873797877995
2017-10-30,31949.06,30759.18,32864.48566666667,October,10,Monday,0,2017,10,4,44,30,0,27994.010000000002,21876.48,33447.15,35550.77,41087.86,17071.46,30759.18,32953.862857142856,32864.48566666667,5298.453337978348,9935.78082668573
2017-10-31,38743.88,31252.915714285715,33277.54233333333,October,10,Tuesday,0,2017,10,4,44,31,1,31949.06,27994.010000000002,21876.48,35287.73,60570.32,26352.18,31252.915714285715,31394.83142857143,33277.54233333333,5915.838781708172,9913.263766769034
2017-11-01,31581.23,31834.950000000004,32735.742000000002,November,11,Wednesday,0,2017,11,4,44,1,2,38743.88,31949.06,27994.010000000002,27506.99,43583.75,47835.24,31834.950000000004,30537.50857142857,32735.742000000002,5681.65724637925,9526.832601184351
2017-11-02,29639.13,30747.277142857143,32576.092666666667,November,11,Thursday,0,2017,11,4,44,2,3,31581.23,38743.88,31949.06,37252.840000000004,32091.57,34428.61,30747.277142857143,30362.33428571429,32576.092666666667,5178.066597085991,9537.610142072544
2017-11-03,38102.0,31412.25571428571,32902.30466666667,November,11,Friday,0,2017,11,4,44,3,4,29639.13,31581.23,38743.88,33447.15,23900.97,28315.64,31412.25571428571,31376.693571428572,32902.30466666667,5839.256537445136,9554.211882735906
2017-11-04,40413.2,34060.35857142857,32387.96433333333,November,11,Saturday,1,2017,11,4,44,4,5,38102.0,29639.13,31581.23,21876.48,22051.79,55843.41,34060.35857142857,32688.222857142857,32387.96433333333,4925.788258879454,8649.075756372282
2017-11-05,25711.829999999998,33734.33285714286,32349.883333333335,November,11,Sunday,1,2017,11,4,44,5,6,40413.2,38102.0,29639.13,27994.010000000002,28290.65,26854.26,33734.33285714286,32504.02142857143,32349.883333333335,5442.634698702847,8676.750966799184
2017-11-06,40475.51,34952.397142857146,32941.094333333334,November,11,Monday,0,2017,11,4,45,6,0,25711.829999999998,40413.2,38102.0,31949.06,35550.77,22739.18,34952.397142857146,32855.78857142857,32941.094333333334,5910.50111593968,8603.26419532994
2017-11-07,30523.82,33778.102857142854,33190.37566666667,November,11,Tuesday,0,2017,11,4,45,7,1,40475.51,25711.829999999998,40413.2,38743.88,35287.73,23045.38,33778.102857142854,32515.509285714284,33190.37566666667,5847.910230973474,8412.88483705703
2017-11-08,32076.66,33848.87857142857,32762.544333333335,November,11,Wednesday,0,2017,11,4,45,8,2,30523.82,40475.51,25711.829999999998,31581.23,27506.99,44911.6,33848.87857142857,32841.91428571429,32762.544333333335,5819.8212665952815,8117.423534651139
2017-11-09,38086.82,35055.69142857143,32816.146,November,11,Thursday,0,2017,11,4,45,9,3,32076.66,30523.82,40475.51,29639.13,37252.840000000004,36478.77,35055.69142857143,32901.48428571429,32816.146,5675.463285977749,8148.060408920939
2017-11-10,32599.57,34269.63,32888.206333333335,November,11,Friday,0,2017,11,4,45,10,4,38086.82,32076.66,30523.82,38102.0,33447.15,30437.76,34269.63,32840.94285714286,32888.206333333335,5563.161415897776,8135.851202409929
2017-11-11,31974.670000000002,33064.125714285714,32965.43033333334,November,11,Saturday,1,2017,11,4,45,11,5,32599.57,38086.82,32076.66,40413.2,21876.48,29657.95,33064.125714285714,33562.24214285714,32965.43033333334,4882.67847621525,8115.101408236498
2017-11-12,31114.34,33835.91285714286,32911.73366666667,November,11,Sunday,1,2017,11,4,45,12,6,31974.670000000002,32599.57,38086.82,25711.829999999998,27994.010000000002,32725.24,33835.91285714286,33785.12285714286,32911.73366666667,3843.156665137514,8122.07209670575
2017-11-13,36963.47,33334.19285714286,33521.148,November,11,Monday,0,2017,11,4,46,13,0,31114.34,31974.670000000002,32599.57,40475.51,31949.06,18681.04,33334.19285714286,34143.295,33521.148,2959.572651311486,7691.9930365791515
2017-11-14,37709.37,34360.7,33938.581333333335,November,11,Tuesday,0,2017,11,4,46,14,1,36963.47,31114.34,31974.670000000002,30523.82,38743.88,25186.37,34360.7,34069.40142857143,33938.581333333335,3066.550252460751,7562.7971265593815
2017-11-15,33747.13,34599.33857142857,33693.89033333334,November,11,Wednesday,0,2017,11,4,46,15,2,37709.37,36963.47,31114.34,32076.66,31581.23,41087.86,34599.33857142857,34224.10857142857,33693.89033333334,2920.712628625883,7441.285967242907
2017-11-16,42258.32,35195.26714285714,33083.490333333335,November,11,Thursday,0,2017,11,4,46,16,3,33747.13,37709.37,36963.47,38086.82,29639.13,60570.32,35195.26714285714,35125.47928571428,33083.490333333335,3983.1923404673275,5710.361748400575
2017-11-17,49504.24,37610.22000000001,33280.84,November,11,Friday,0,2017,11,4,46,17,4,42258.32,33747.13,37709.37,32599.57,38102.0,43583.75,37610.22000000001,35939.924999999996,33280.84,6485.625217617841,6169.6025341441
2017-11-18,35120.07,38059.56285714286,33381.79,November,11,Saturday,1,2017,11,4,46,18,5,49504.24,42258.32,33747.13,31974.670000000002,40413.2,32091.57,38059.56285714286,35561.84428571429,33381.79,6129.274929624572,6174.247250601379
2017-11-19,27204.47,37501.01,33491.90666666666,November,11,Sunday,1,2017,11,4,46,19,6,35120.07,49504.24,42258.32,31114.34,25711.829999999998,23900.97,37501.01,35668.46142857143,33491.90666666666,6985.951597310645,6027.031374070486
2017-11-20,62310.12,41121.96,34833.851,November,11,Monday,0,2017,11,4,47,20,0,27204.47,35120.07,49504.24,36963.47,40475.51,22051.79,41121.96,37228.07642857143,34833.851,11663.65548575862,7654.200606704243
2017-11-21,53844.27,43426.94571428571,35685.63833333333,November,11,Tuesday,0,2017,11,4,47,21,1,62310.12,27204.47,35120.07,37709.37,30523.82,28290.65,43426.94571428571,38893.822857142855,35685.63833333333,12444.984551814263,8295.89246574893
2017-11-22,43157.11,44771.22857142857,35939.183,November,11,Wednesday,0,2017,11,4,47,22,2,53844.27,62310.12,27204.47,33747.13,32076.66,35550.77,44771.22857142857,39685.28357142857,35939.183,11711.747287940487,8407.117827407423
2017-11-23,79917.5,50151.111428571436,37426.842,November,11,Thursday,0,2017,11,4,47,23,3,43157.11,53844.27,62310.12,42258.32,38086.82,35287.73,50151.111428571436,42673.18928571429,37426.842,17556.2612580521,11621.892793324476
2017-11-24,257690.8,79892.04857142856,45099.63566666667,November,11,Friday,0,2017,11,4,47,24,4,79917.5,43157.11,53844.27,49504.24,32599.57,27506.99,79892.04857142856,58751.13428571428,45099.63566666667,80342.98802726832,41758.1865694385
2017-11-25,94522.98,88378.17857142857,47008.64033333333,November,11,Saturday,1,2017,11,4,47,25,5,257690.8,79917.5,43157.11,35120.07,31974.670000000002,37252.840000000004,88378.17857142857,63218.87071428572,47008.64033333333,77926.68308900733,42685.86296696832
2017-11-26,69414.61,94408.19857142857,48207.55566666667,November,11,Sunday,1,2017,11,4,47,26,6,94522.98,257690.8,79917.5,27204.47,31114.34,33447.15,94408.19857142857,65954.60428571429,48207.55566666667,73934.96460595835,42796.79150766126
2017-11-27,80538.65,97012.27428571429,50162.96133333333,November,11,Monday,0,2017,11,4,48,27,0,69414.61,94522.98,257690.8,62310.12,36963.47,21876.48,97012.27428571429,69067.11714285714,50162.96133333333,72930.19859772695,42892.27135291344
2017-11-28,81453.03,100956.38285714285,51944.92866666667,November,11,Tuesday,0,2017,11,4,48,28,1,80538.65,69414.61,94522.98,53844.27,37709.37,27994.010000000002,100956.38285714285,72191.66428571429,51944.92866666667,70925.55339555218,43049.69264946147
2017-11-29,57537.87,103010.77714285716,52797.888999999996,November,11,Wednesday,0,2017,11,4,48,29,2,81453.03,80538.65,69414.61,43157.11,33747.13,31949.06,103010.77714285716,73891.00285714286,52797.888999999996,69158.60070824542,42893.06071531213
2017-11-30,43197.26,97765.02857142857,52946.335,November,11,Thursday,0,2017,11,4,48,30,3,57537.87,81453.03,80538.65,79917.5,42258.32,38743.88,97765.02857142857,73958.06999999999,52946.335,72513.45225636261,42850.42988158897
2017-12-01,57530.95,69170.76428571428,53811.325666666664,December,12,Friday,0,2017,12,4,48,1,4,43197.26,57537.87,81453.03,257690.8,49504.24,31581.23,69170.76428571428,74531.40642857143,53811.325666666664,17646.102544159556,42665.7924868942
2017-12-02,39288.28,61280.09285714285,54132.964,December,12,Saturday,1,2017,12,4,48,2,5,57530.95,43197.26,57537.87,94522.98,35120.07,29639.13,61280.09285714285,74829.1357142857,54132.964,16746.635315293122,42513.38364646385
2017-12-03,42938.92,57497.85142857143,54294.19466666666,December,12,Sunday,1,2017,12,4,48,3,6,39288.28,57530.95,43197.26,69414.61,27204.47,38102.0,57497.85142857143,75953.02500000001,54294.19466666666,17572.656635431642,42459.62822353342
2017-12-04,63197.87,55020.59714285714,55053.683666666664,December,12,Monday,0,2017,12,4,49,4,0,42938.92,39288.28,57530.95,80538.65,62310.12,40413.2,55020.59714285714,76016.43571428572,55053.683666666664,14784.247578044766,42406.51769716999
2017-12-05,53858.89,51078.57714285714,55991.918999999994,December,12,Tuesday,0,2017,12,4,49,5,1,63197.87,42938.92,39288.28,81453.03,53844.27,25711.829999999998,51078.57714285714,76017.48,55991.918999999994,9177.356769690776,42044.780783112554
2017-12-06,57929.6,51134.53857142857,56573.721999999994,December,12,Wednesday,0,2017,12,4,49,6,2,53858.89,63197.87,42938.92,57537.87,43157.11,40475.51,51134.53857142857,77072.65785714285,56573.721999999994,9224.382471413082,41943.305314057034
2017-12-07,42663.2,51058.24428571428,56978.368,December,12,Thursday,0,2017,12,4,49,7,3,57929.6,53858.89,63197.87,43197.26,79917.5,30523.82,51058.24428571428,74411.63642857142,56978.368,9302.847523012899,41741.395163604495
2017-12-08,39814.79,48527.364285714284,57236.30566666667,December,12,Friday,0,2017,12,4,49,8,4,42663.2,57929.6,53858.89,57530.95,257690.8,32076.66,48527.364285714284,58849.06428571428,57236.30566666667,9651.767560132555,41605.89954403002
2017-12-09,25482.73,46555.142857142855,56816.16933333333,December,12,Saturday,1,2017,12,4,49,9,5,39814.79,42663.2,57929.6,39288.28,94522.98,38086.82,46555.142857142855,53917.61785714285,56816.16933333333,12763.271469268984,41868.74678347053
2017-12-10,32112.34,45008.48857142857,56799.92833333334,December,12,Sunday,1,2017,12,4,49,10,6,25482.73,39814.79,42663.2,42938.92,69414.61,32599.57,45008.48857142857,51253.17,56799.92833333334,13881.517099190303,41878.55773736379
2017-12-11,44598.8,42351.47857142857,57220.73266666666,December,12,Monday,0,2017,12,4,50,11,0,32112.34,25482.73,39814.79,63197.87,80538.65,31974.670000000002,42351.47857142857,48686.03785714285,57220.73266666666,11373.034151312158,41683.47731017604
2017-12-12,47660.12,41465.94,57772.25866666667,December,12,Tuesday,0,2017,12,4,50,12,1,44598.8,32112.34,25482.73,53858.89,81453.03,31114.34,41465.94,46272.258571428574,57772.25866666667,10538.400740006286,41434.86466650103
2017-12-13,57326.24,41379.74571428572,58451.01766666667,December,12,Wednesday,0,2017,12,4,50,13,2,47660.12,44598.8,32112.34,57929.6,57537.87,36963.47,41379.74571428572,46257.14214285714,58451.01766666667,10382.61648343006,41248.600445006115
2017-12-14,32906.09,39985.87285714286,58290.90833333333,December,12,Thursday,0,2017,12,4,50,14,3,57326.24,47660.12,44598.8,42663.2,43197.26,37709.37,39985.87285714286,45522.05857142858,58290.90833333333,10827.032262809698,41341.105223990045
2017-12-15,38454.78,39791.58571428571,58447.83,December,12,Friday,0,2017,12,4,50,15,4,32906.09,57326.24,47660.12,39814.79,57530.95,33747.13,39791.58571428571,44159.47499999999,58447.83,10842.804905063089,41253.57190519932
2017-12-16,26167.17,39889.36285714286,57911.458333333336,December,12,Saturday,1,2017,12,4,50,16,5,38454.78,32906.09,57326.24,25482.73,39288.28,42258.32,39889.36285714286,43222.25285714286,57911.458333333336,10694.336027163574,41574.68086934041
2017-12-17,25305.02,38916.888571428564,57104.81766666667,December,12,Sunday,1,2017,12,4,50,17,6,26167.17,38454.78,32906.09,32112.34,42938.92,49504.24,38916.888571428564,41962.688571428575,57104.81766666667,11774.364574297806,41976.24411003204
2017-12-18,40501.89,38331.61571428571,57284.21166666666,December,12,Monday,0,2017,12,4,51,18,0,25305.02,26167.17,38454.78,44598.8,63197.87,35120.07,38331.61571428571,40341.54714285715,57284.21166666666,11544.43782806364,41890.46045173197
2017-12-19,28832.49,35641.95428571429,57338.479,December,12,Tuesday,0,2017,12,4,51,19,1,40501.89,25305.02,26167.17,47660.12,53858.89,27204.47,35641.95428571429,38553.94714285714,57338.479,11196.85011897661,41851.185822463834
2017-12-20,39472.63,33091.438571428575,56577.22933333334,December,12,Wednesday,0,2017,12,4,51,20,2,28832.49,40501.89,25305.02,57326.24,57929.6,62310.12,33091.438571428575,37235.592142857146,56577.22933333334,6469.758266330001,41965.18146332885
2017-12-21,23468.1,31743.154285714285,55564.69033333333,December,12,Thursday,0,2017,12,4,51,21,3,39472.63,28832.49,40501.89,32906.09,42663.2,53844.27,31743.154285714285,35864.51357142857,55564.69033333333,7427.379862263647,42397.62742383993
2017-12-22,21633.23,29340.07571428571,54847.227666666666,December,12,Friday,0,2017,12,4,51,22,4,23468.1,39472.63,28832.49,38454.78,39814.79,43157.11,29340.07571428571,34565.830714285716,54847.227666666666,7612.894463793606,42795.08467353432
2017-12-23,17211.87,28060.74714285714,52757.04,December,12,Saturday,1,2017,12,4,51,23,5,21633.23,23468.1,39472.63,26167.17,25482.73,79917.5,28060.74714285714,33975.055,52757.04,8881.687571643566,43058.89869645997
2017-12-24,7373.41,25499.088571428572,44413.12699999999,December,12,Sunday,1,2017,12,4,51,24,6,17211.87,21633.23,23468.1,25305.02,32112.34,257690.8,25499.088571428572,32207.988571428574,44413.12699999999,11886.571332404676,20121.35193862333
2017-12-25,14827.61,21831.334285714285,41756.61466666667,December,12,Monday,0,2017,12,4,52,25,0,7373.41,17211.87,21633.23,40501.89,44598.8,94522.98,21831.334285714285,30081.475000000002,41756.61466666667,10347.084306981942,18470.65615627925
2017-12-26,27678.52,21666.481428571427,40365.41166666667,December,12,Tuesday,0,2017,12,4,52,26,1,14827.61,7373.41,17211.87,28832.49,47660.12,69414.61,21666.481428571427,28654.217857142856,40365.41166666667,10225.42652838881,17877.893974972198
2017-12-27,25253.53,19635.181428571428,38522.57433333333,December,12,Wednesday,0,2017,12,4,52,27,2,27678.52,14827.61,7373.41,39472.63,57326.24,80538.65,19635.181428571428,26363.309999999998,38522.57433333333,7003.342283044397,16380.762584493565
2017-12-28,19610.17,19084.04857142857,36461.14566666666,December,12,Thursday,0,2017,12,4,52,28,3,25253.53,27678.52,14827.61,23468.1,32906.09,81453.03,19084.04857142857,25413.601428571426,36461.14566666666,6800.293469324992,14584.737502069594
2017-12-29,23220.2,19310.75857142857,35317.223333333335,December,12,Friday,0,2017,12,4,52,29,4,19610.17,25253.53,27678.52,21633.23,38454.78,57537.87,19310.75857142857,24325.41714285714,35317.223333333335,6924.757376366637,14215.775666863798
2017-12-30,17388.92,19336.051428571427,34456.94533333333,December,12,Saturday,1,2017,12,4,52,30,5,23220.2,19610.17,25253.53,17211.87,26167.17,43197.26,19336.051428571427,23698.399285714284,34456.94533333333,6916.131390792892,14500.519362794761
2017-12-31,10913.35,19841.757142857143,32903.02533333333,December,12,Sunday,1,2017,12,4,52,31,6,17388.92,23220.2,19610.17,7373.41,25305.02,57530.95,19841.757142857143,22670.422857142858,32903.02533333333,5958.805557161075,14440.290808996393
2018-01-01,9863.77,19132.63714285714,31922.208333333332,January,1,Monday,0,2018,1,1,1,1,0,10913.35,17388.92,23220.2,14827.61,40501.89,39288.28,19132.63714285714,20481.985714285718,31922.208333333332,6879.229361397999,14980.808079045732
2018-01-02,35947.090000000004,20313.86142857143,31689.147333333334,January,1,Tuesday,0,2018,1,1,1,2,1,9863.77,10913.35,17388.92,27678.52,28832.49,42938.92,20313.86142857143,20990.17142857143,31689.147333333334,8980.251063911164,14857.386325033433
2018-01-03,42933.7,22839.600000000002,31013.675,January,1,Wednesday,0,2018,1,1,1,3,2,35947.090000000004,9863.77,10913.35,25253.53,39472.63,63197.87,22839.600000000002,21237.390714285713,31013.675,12426.254055485244,13798.386210392047
2018-01-04,44484.96,26393.141428571427,30701.210666666666,January,1,Thursday,0,2018,1,1,1,4,3,42933.7,35947.090000000004,9863.77,19610.17,23468.1,53858.89,26393.141428571427,22738.595,30701.210666666666,14697.899700986012,13362.468090591005
2018-01-05,41810.24,29048.86142857143,30163.898666666664,January,1,Friday,0,2018,1,1,1,5,4,44484.96,42933.7,35947.090000000004,23220.2,21633.23,57929.6,29048.86142857143,24179.809999999998,30163.898666666664,15675.984624815275,12527.865866870654
2018-01-06,47725.58,33382.67,30332.64466666667,January,1,Saturday,1,2018,1,1,1,6,5,41810.24,44484.96,42933.7,17388.92,17211.87,42663.2,33382.67,26359.360714285714,30332.64466666667,16102.853106860628,12734.424066999873
2018-01-07,41294.45,37722.82714285714,30381.966666666667,January,1,Sunday,1,2018,1,1,1,7,6,47725.58,41810.24,44484.96,10913.35,7373.41,39814.79,37722.82714285714,28782.292142857146,30381.966666666667,12791.13262133792,12775.216105170335
2018-01-08,58436.55,44661.79571428571,31480.427333333337,January,1,Monday,0,2018,1,1,2,8,0,41294.45,47725.58,41810.24,9863.77,14827.61,25482.73,44661.79571428571,31897.21642857143,31480.427333333337,7042.3090234023175,13721.160226006858
2018-01-09,44065.1,45821.51142857142,31878.852666666666,January,1,Tuesday,0,2018,1,1,2,9,1,58436.55,41294.45,47725.58,35947.090000000004,27678.52,32112.34,45821.51142857142,33067.686428571425,31878.852666666666,5952.031370460523,13912.34789005848
2018-01-10,65117.77,48990.66428571429,32562.818333333336,January,1,Wednesday,0,2018,1,1,2,10,2,44065.1,58436.55,41294.45,42933.7,25253.53,44598.8,48990.66428571429,35915.13214285714,32562.818333333336,9185.690826811051,15019.57755150034
2018-01-11,75315.82,53395.072857142855,33484.675,January,1,Thursday,0,2018,1,1,2,11,3,65117.77,44065.1,58436.55,44484.96,19610.17,47660.12,53395.072857142855,39894.107142857145,33484.675,13185.73878613518,16729.531629179488
2018-01-12,52789.91,54963.59714285715,33333.464,January,1,Friday,0,2018,1,1,2,12,4,75315.82,65117.77,44065.1,41810.24,23220.2,57326.24,54963.59714285715,42006.22928571429,33333.464,12193.702163608466,16525.868500501496
2018-01-13,36574.33,53370.561428571425,33455.738666666664,January,1,Saturday,1,2018,1,1,2,13,5,52789.91,75315.82,65117.77,47725.58,17388.92,32906.09,53370.561428571425,43376.61571428571,33455.738666666664,13905.215742728104,16536.16474761844
2018-01-14,41220.98,53360.065714285716,33547.94533333334,January,1,Sunday,1,2018,1,1,2,14,6,36574.33,52789.91,75315.82,41294.45,10913.35,38454.78,53360.065714285716,45541.44642857143,33547.94533333334,13915.873667895514,16572.672862985128
2018-01-15,57469.17,53221.868571428575,34591.34533333333,January,1,Monday,0,2018,1,1,3,15,0,41220.98,36574.33,52789.91,58436.55,9863.77,26167.17,53221.868571428575,48941.83214285714,34591.34533333333,13861.755515450177,17069.87639806794
2018-01-16,69517.92,56857.985714285714,36065.10866666667,January,1,Tuesday,0,2018,1,1,3,16,1,57469.17,41220.98,36574.33,44065.1,35947.090000000004,25305.02,56857.985714285714,51339.74857142857,36065.10866666667,14387.813374383708,18116.966858096454
2018-01-17,45591.7,54068.54714285715,36234.769,January,1,Wednesday,0,2018,1,1,3,17,2,69517.92,57469.17,41220.98,65117.77,42933.7,40501.89,54068.54714285715,51529.60571428571,36234.769,14412.340931296452,18183.658380587047
2018-01-18,40684.29,49121.18571428571,36629.829,January,1,Thursday,0,2018,1,1,3,18,3,45591.7,69517.92,57469.17,75315.82,44484.96,28832.49,49121.18571428571,51258.12928571429,36629.829,11566.117660256361,18145.997812363297
2018-01-19,40932.36,47427.25,36678.48666666667,January,1,Friday,0,2018,1,1,3,19,4,40684.29,45591.7,69517.92,52789.91,41810.24,39472.63,47427.25,51195.423571428575,36678.48666666667,11805.096834635962,18155.837942093323
2018-01-20,32575.02,46855.92,36982.05066666667,January,1,Saturday,1,2018,1,1,3,20,5,40932.36,40684.29,45591.7,36574.33,47725.58,23468.1,46855.92,50113.24071428572,36982.05066666667,12494.530838964383,18002.833761369668
2018-01-21,32607.28,45625.39142857143,37347.852333333336,January,1,Sunday,1,2018,1,1,3,21,6,32575.02,40932.36,40684.29,41220.98,41294.45,21633.23,45625.39142857143,49492.72857142857,37347.852333333336,13523.754375205117,17790.443653724633
2018-01-22,54598.11,45215.24,38594.06033333333,January,1,Monday,0,2018,1,1,4,22,0,32607.28,32575.02,40932.36,57469.17,58436.55,17211.87,45215.24,49218.55428571429,38594.06033333333,13142.859992899766,17640.098570913065
2018-01-23,51429.16,42631.131428571425,40062.585333333336,January,1,Tuesday,0,2018,1,1,4,23,1,54598.11,32607.28,32575.02,69517.92,44065.1,7373.41,42631.131428571425,49744.55857142857,40062.585333333336,8540.665855963029,16763.39717041844
2018-01-24,45877.05,42671.89571428572,41097.566666666666,January,1,Wednesday,0,2018,1,1,4,24,2,51429.16,54598.11,32607.28,45591.7,65117.77,14827.61,42671.89571428572,48370.221428571436,41097.566666666666,8557.815420193034,16096.906411479664
2018-01-25,41966.65,42855.090000000004,41573.83766666667,January,1,Thursday,0,2018,1,1,4,25,3,45877.05,51429.16,54598.11,40684.29,75315.82,27678.52,42855.090000000004,45988.13785714286,41573.83766666667,8521.825925375291,15896.3029262966
2018-01-26,47998.6,43864.55285714286,42332.006666666675,January,1,Friday,0,2018,1,1,4,26,4,41966.65,45877.05,51429.16,40932.36,52789.91,25253.53,43864.55285714286,45645.90142857143,42332.006666666675,8673.280811991253,15631.270026656579
2018-01-27,34011.03,44069.69714285714,42812.035333333326,January,1,Saturday,1,2018,1,1,4,27,5,47998.6,41966.65,45877.05,32575.02,36574.33,19610.17,44069.69714285714,45462.80857142858,42812.035333333326,8373.555314002271,15122.266572379629
2018-01-28,31534.14,43916.39142857143,43089.166666666664,January,1,Sunday,1,2018,1,1,4,28,6,34011.03,47998.6,41966.65,32607.28,41220.98,23220.2,43916.39142857143,44770.89142857143,43089.166666666664,8624.453984752472,14824.08606293862
2018-01-29,48252.73,43009.908571428576,44117.960333333336,January,1,Monday,0,2018,1,1,5,29,0,31534.14,34011.03,47998.6,54598.11,57469.17,17388.92,43009.908571428576,44112.57428571429,44117.960333333336,7585.51230510588,14028.615479346628
2018-01-30,59152.82,44113.28857142857,45725.94266666667,January,1,Tuesday,0,2018,1,1,5,30,1,48252.73,31534.14,34011.03,51429.16,69517.92,10913.35,44113.28857142857,43372.21000000001,45725.94266666667,9366.85329933766,12802.467647417581
2018-01-31,44263.69,43882.80857142858,46872.60666666667,January,1,Wednesday,0,2018,1,1,5,31,2,59152.82,48252.73,31534.14,45877.05,45591.7,9863.77,43882.80857142858,43277.35214285714,46872.60666666667,9336.019524650006,10875.137355696223
2018-02-01,61649.19,46694.59999999999,47729.34333333334,February,2,Thursday,0,2018,2,1,5,1,3,44263.69,59152.82,48252.73,41966.65,40684.29,35947.090000000004,46694.59999999999,44774.844999999994,47729.34333333334,11398.808501461845,10996.473308866087
2018-02-02,45996.45,46408.57857142857,47831.435000000005,February,2,Friday,0,2018,2,1,5,2,4,61649.19,44263.69,59152.82,47998.6,40932.36,42933.7,46408.57857142857,45136.56571428571,47831.435000000005,11385.746580244373,10964.586214526273
2018-02-03,31100.69,45992.815714285716,47385.29266666667,February,2,Saturday,1,2018,2,1,5,3,5,45996.45,61649.19,44263.69,34011.03,32575.02,44484.96,45992.815714285716,45031.256428571425,47385.29266666667,11952.918624042999,11370.242496882156
2018-02-04,33213.44,46232.71571428572,47098.73266666666,February,2,Sunday,1,2018,2,1,5,4,6,31100.69,45996.45,61649.19,31534.14,32607.28,41810.24,46232.71571428572,45074.55357142857,47098.73266666666,11626.76408094677,11621.155968765497
2018-02-05,53904.96,47040.177142857145,47304.71200000001,February,2,Monday,0,2018,2,1,6,5,0,33213.44,31100.69,45996.45,48252.73,54598.11,47725.58,47040.177142857145,45025.042857142864,47304.71200000001,11981.296360847437,11687.225097370703
2018-02-06,52728.44,46122.408571428576,47685.844999999994,February,2,Tuesday,0,2018,2,1,6,6,1,53904.96,33213.44,31100.69,59152.82,51429.16,41294.45,46122.408571428576,45117.84857142857,47685.844999999994,11113.452045539812,11670.891271435494
2018-02-07,44468.13,46151.61428571429,47220.23100000001,February,2,Wednesday,0,2018,2,1,6,7,2,52728.44,53904.96,33213.44,44263.69,45877.05,58436.55,46151.61428571429,45017.21142857143,47220.23100000001,11108.020602691884,11504.652025990554
2018-02-08,39253.39,42952.21428571428,47059.84066666666,February,2,Thursday,0,2018,2,1,6,8,3,44468.13,52728.44,53904.96,61649.19,41966.65,44065.1,42952.21428571428,44823.40714285714,47059.84066666666,8907.73309186052,11583.426747246649
2018-02-09,40080.08,42107.01857142857,46225.251000000004,February,2,Friday,0,2018,2,1,6,9,4,39253.39,44468.13,52728.44,45996.45,47998.6,65117.77,42107.01857142857,44257.79857142857,46225.251000000004,8851.247997861428,11130.6187374274
2018-02-10,30288.85,41991.04142857143,44724.35199999999,February,2,Saturday,1,2018,2,1,6,10,5,40080.08,39253.39,44468.13,31100.69,34011.03,75315.82,41991.04142857143,43991.92857142857,44724.35199999999,9023.148301218333,10056.660631579618
2018-02-11,34191.28,42130.73285714286,44104.397666666664,February,2,Sunday,1,2018,2,1,6,11,6,30288.85,40080.08,39253.39,33213.44,31534.14,52789.91,42130.73285714286,44181.724285714285,44104.397666666664,8870.894611329917,10115.400255171515
2018-02-12,38653.020000000004,39951.88428571429,44173.68733333333,February,2,Monday,0,2018,2,1,7,12,0,34191.28,30288.85,40080.08,53904.96,48252.73,36574.33,39951.88428571429,43496.03071428571,44173.68733333333,7215.573683089468,10069.054530505053
2018-02-13,36695.77,37661.50285714286,44022.846999999994,February,2,Tuesday,0,2018,2,1,7,13,1,38653.020000000004,34191.28,30288.85,52728.44,59152.82,41220.98,37661.50285714286,41891.955714285716,44022.846999999994,4528.207816188242,10148.395656921528
2018-02-14,58514.85,39668.177142857145,44057.703,February,2,Wednesday,0,2018,2,1,7,14,2,36695.77,38653.020000000004,34191.28,44468.13,44263.69,57469.17,39668.177142857145,42909.89571428571,44057.703,8975.64035167344,10197.846625945425
2018-02-15,45208.18,40518.861428571436,43247.378333333334,February,2,Thursday,0,2018,2,1,7,15,3,58514.85,36695.77,38653.020000000004,39253.39,61649.19,69517.92,40518.861428571436,41735.53785714286,43247.378333333334,9208.932758840503,9000.552404620115
2018-02-16,43526.83,41011.25428571428,43178.549333333336,February,2,Friday,0,2018,2,1,7,16,4,45208.18,58514.85,36695.77,40080.08,45996.45,45591.7,41011.25428571428,41559.13642857143,43178.549333333336,9273.482320083078,8989.895650272847
2018-02-17,34833.1,41660.43285714286,42983.509666666665,February,2,Saturday,1,2018,2,1,7,17,5,43526.83,45208.18,58514.85,30288.85,31100.69,40684.29,41660.43285714286,41825.73714285714,42983.509666666665,8526.766220104904,9108.564501548386
2018-02-18,36890.81,42046.08,42848.791333333334,February,2,Sunday,1,2018,2,1,7,18,6,34833.1,43526.83,45208.18,34191.28,33213.44,40932.36,42046.08,42088.406428571434,42848.791333333334,8186.924990479126,9169.630862498765
2018-02-19,44115.78,42826.474285714285,43233.48333333333,February,2,Monday,0,2018,2,1,8,19,0,36890.81,34833.1,43526.83,38653.020000000004,53904.96,32575.02,42826.474285714285,41389.17928571429,43233.48333333333,8069.098876129869,8963.52189731578
2018-02-20,47270.09,44337.09142857143,43722.24366666667,February,2,Tuesday,0,2018,2,1,8,20,1,44115.78,36890.81,34833.1,36695.77,52728.44,32607.28,44337.09142857143,40999.29714285715,43722.24366666667,7711.988249341381,8761.609865266566
2018-02-21,54124.92,43709.958571428564,43706.47066666667,February,2,Wednesday,0,2018,2,1,8,21,2,47270.09,44115.78,36890.81,58514.85,44468.13,54598.11,43709.958571428564,41689.06785714285,43706.47066666667,6440.603714433877,8741.758992632069
2018-02-22,98501.3,51323.26142857142,45275.542,February,2,Thursday,0,2018,2,1,8,22,3,54124.92,47270.09,44115.78,45208.18,39253.39,51429.16,51323.26142857142,45921.061428571425,45275.542,21767.705523586552,13241.921420025717
2018-02-23,37670.27,50486.60999999999,45001.98266666666,February,2,Friday,0,2018,2,1,8,23,4,98501.3,54124.92,47270.09,43526.83,40080.08,45877.05,50486.60999999999,45748.93214285715,45001.98266666666,22225.053262805308,13313.64261793434
2018-02-24,32311.14,50126.33,44680.132333333335,February,2,Saturday,1,2018,2,1,8,24,5,37670.27,98501.3,54124.92,34833.1,30288.85,41966.65,50126.33,45893.381428571425,44680.132333333335,22539.316308246784,13504.885357509802
2018-02-25,46992.72,51569.46,44646.603,February,2,Sunday,1,2018,2,1,8,25,6,32311.14,37670.27,98501.3,36890.81,34191.28,47998.6,51569.46,46807.770000000004,44646.603,21863.923216273415,13497.609027911638
2018-02-26,59269.04,53734.21142857143,45488.53666666667,February,2,Monday,0,2018,2,1,9,26,0,46992.72,32311.14,37670.27,44115.78,38653.020000000004,34011.03,53734.21142857143,48280.34285714286,45488.53666666667,21752.815817130762,13598.697600479258
2018-02-27,71441.46,57187.264285714286,46818.780666666666,February,2,Tuesday,0,2018,2,1,9,27,1,59269.04,46992.72,32311.14,47270.09,36695.77,31534.14,57187.264285714286,50762.17785714286,46818.780666666666,22462.586463315594,14128.175915985868
2018-02-28,64551.83,58676.822857142855,47362.084,February,2,Wednesday,0,2018,2,1,9,28,2,71441.46,59269.04,46992.72,54124.92,58514.85,48252.73,58676.822857142855,51193.39071428571,47362.084,22571.125087167406,14493.88070553937
2018-03-01,64760.08,53856.648571428566,47548.99266666666,March,3,Thursday,0,2018,3,1,9,1,3,64551.83,71441.46,59269.04,98501.3,45208.18,59152.82,53856.648571428566,52589.955,47548.99266666666,14972.82317486633,14686.054284756765
2018-03-02,46642.04,55138.33,47628.27099999999,March,3,Friday,0,2018,3,1,9,2,4,64760.08,64551.83,71441.46,37670.27,43526.83,44263.69,55138.33,52812.469999999994,47628.27099999999,13684.939273679664,14674.122568016233
2018-03-03,35368.69,55575.12285714286,46752.25433333334,March,3,Saturday,1,2018,3,1,9,3,5,46642.04,64760.08,64551.83,32311.14,34833.1,61649.19,55575.12285714286,52850.726428571434,46752.25433333334,12858.770832774955,14592.458280973255
2018-03-04,41043.75,54725.270000000004,46587.16433333334,March,3,Sunday,1,2018,3,1,9,4,6,35368.69,46642.04,64760.08,46992.72,36890.81,45996.45,54725.270000000004,53147.365,46587.16433333334,13690.235773099988,14629.273277336548
2018-03-05,70044.41,56264.60857142857,47885.28833333333,March,3,Monday,0,2018,3,1,10,5,0,41043.75,35368.69,46642.04,59269.04,44115.78,31100.69,56264.60857142857,54999.409999999996,47885.28833333333,14843.509215606033,14932.389202409551
2018-03-06,55262.34,53953.305714285714,48620.25166666667,March,3,Tuesday,0,2018,3,1,10,6,1,70044.41,41043.75,35368.69,71441.46,47270.09,33213.44,53953.305714285714,55570.284999999996,48620.25166666667,13261.796457776567,14726.546281684046
2018-03-07,53959.15,52440.065714285716,48622.058,March,3,Wednesday,0,2018,3,1,10,7,2,55262.34,70044.41,41043.75,64551.83,54124.92,53904.96,52440.065714285716,55558.44428571429,48622.058,12429.089010345646,14727.220155292256
2018-03-08,48711.29,50147.38142857143,48488.153000000006,March,3,Thursday,0,2018,3,1,10,8,3,53959.15,55262.34,70044.41,64760.08,98501.3,52728.44,50147.38142857143,52002.015,48488.153000000006,11196.872550345486,14706.844599709462
2018-03-09,41677.81,49438.20571428572,48395.14233333334,March,3,Friday,0,2018,3,1,10,9,4,48711.29,53959.15,55262.34,46642.04,37670.27,44468.13,49438.20571428572,52288.267857142855,48395.14233333334,11605.64115526559,14741.926746357098
2018-03-10,43213.14,50558.84142857143,48527.134,March,3,Saturday,1,2018,3,1,10,10,5,41677.81,48711.29,53959.15,35368.69,32311.14,39253.39,50558.84142857143,53066.982142857145,48527.134,10329.204871241558,14674.82782617719
2018-03-11,41904.55,50681.81285714287,48587.94966666667,March,3,Sunday,1,2018,3,1,10,11,6,43213.14,41677.81,48711.29,41043.75,46992.72,40080.08,50681.81285714287,52703.541428571436,48587.94966666667,10201.37883706037,14642.358865585555
2018-03-12,41882.68,46658.70857142857,48974.41066666667,March,3,Monday,0,2018,3,1,11,12,0,41904.55,43213.14,41677.81,70044.41,59269.04,30288.85,46658.70857142857,51461.65857142857,48974.41066666667,5966.933541447095,14291.52696996715
2018-03-13,52535.02,46269.091428571424,49585.86866666667,March,3,Tuesday,0,2018,3,1,11,13,1,41882.68,41904.55,43213.14,55262.34,71441.46,34191.28,46269.091428571424,50111.19857142858,49585.86866666667,5370.780932494484,14027.196626565534
2018-03-14,38894.05,44116.93428571429,49593.903000000006,March,3,Wednesday,0,2018,3,1,11,14,2,52535.02,41882.68,41904.55,53959.15,64551.83,38653.020000000004,44116.93428571429,48278.5,49593.903000000006,4759.262891410842,14020.786269367076
2018-03-15,62386.3,46070.50714285714,50450.254,March,3,Thursday,0,2018,3,1,11,15,3,38894.05,52535.02,41882.68,48711.29,64760.08,36695.77,46070.50714285714,48108.944285714286,50450.254,8385.006364866746,13990.359310895421
2018-03-16,52774.55,47655.75571428572,50258.91066666666,March,3,Friday,0,2018,3,1,11,16,4,62386.3,38894.05,52535.02,41677.81,46642.04,58514.85,47655.75571428572,48546.980714285724,50258.91066666666,8464.704185047509,13915.311253171814
2018-03-17,31782.55,46022.81428571429,49811.38966666666,March,3,Saturday,1,2018,3,1,11,17,5,52774.55,62386.3,38894.05,43213.14,35368.69,45208.18,46022.81428571429,48290.82785714285,49811.38966666666,10355.865028582944,14294.07702603589
2018-03-18,40415.31,45810.065714285716,49707.67233333333,March,3,Sunday,1,2018,3,1,11,18,6,31782.55,52774.55,62386.3,41904.55,41043.75,43526.83,45810.065714285716,48245.93928571429,49707.67233333333,10469.247130255382,14352.419484968505
2018-03-19,77507.24,50899.28857142857,51130.14366666667,March,3,Monday,0,2018,3,1,12,19,0,40415.31,31782.55,52774.55,41882.68,70044.41,34833.1,50899.28857142857,48778.99857142857,51130.14366666667,15629.118054498374,14930.44416577448
2018-03-20,55309.88,51295.69714285714,51744.11266666667,March,3,Tuesday,0,2018,3,1,12,20,1,77507.24,40415.31,31782.55,52535.02,55262.34,36890.81,51295.69714285714,48782.39428571429,51744.11266666667,15712.488176201014,14701.664884829055
2018-03-21,51878.02,53150.549999999996,52002.85400000001,March,3,Wednesday,0,2018,3,1,12,21,2,55309.88,77507.24,40415.31,38894.05,53959.15,44115.78,53150.549999999996,48633.74214285715,52002.85400000001,14740.808448690996,14630.916275502306
2018-03-22,45534.25,50743.11428571429,51944.99266666666,March,3,Thursday,0,2018,3,1,12,22,3,51878.02,55309.88,77507.24,62386.3,48711.29,47270.09,50743.11428571429,48406.81071428572,51944.99266666666,14352.045864176578,14653.69315032698
2018-03-23,46623.4,49864.37857142857,51694.942,March,3,Friday,0,2018,3,1,12,23,4,45534.25,51878.02,55309.88,52774.55,41677.81,54124.92,49864.37857142857,48760.067142857144,51694.942,14395.18092088623,14679.19295750768
2018-03-24,33897.86,50166.56571428571,49541.49399999999,March,3,Saturday,1,2018,3,1,12,24,5,46623.4,45534.25,51878.02,31782.55,43213.14,98501.3,50166.56571428571,48094.69,49541.49399999999,13968.210179966793,12085.419115124078
2018-03-25,40315.16,50152.258571428574,49629.657,March,3,Sunday,1,2018,3,1,12,25,6,33897.86,46623.4,45534.25,40415.31,41904.55,37670.27,50152.258571428574,47981.162142857145,49629.657,13979.909080963782,12005.213520975673
2018-03-26,54094.64,46807.601428571434,50355.77366666667,March,3,Monday,0,2018,3,1,13,26,0,40315.16,33897.86,46623.4,77507.24,41882.68,32311.14,46807.601428571434,48853.445,50355.77366666667,7762.810809881499,11572.585141029556
2018-03-27,58102.46,47206.54142857143,50726.098333333335,March,3,Tuesday,0,2018,3,1,13,27,1,54094.64,40315.16,33897.86,55309.88,52535.02,46992.72,47206.54142857143,49251.11928571429,50726.098333333335,8324.045564880886,11638.82309337113
2018-03-28,39853.95,45488.817142857144,50078.92866666667,March,3,Wednesday,0,2018,3,1,13,28,2,58102.46,54094.64,40315.16,51878.02,38894.05,59269.04,45488.817142857144,49319.68357142858,50078.92866666667,8439.216581110422,11687.09985367482
2018-03-29,39005.659999999996,44556.161428571424,48997.73533333334,March,3,Thursday,0,2018,3,1,13,29,3,39853.95,58102.46,54094.64,45534.25,62386.3,71441.46,44556.161428571424,47649.63785714286,48997.73533333334,8786.946707494366,11129.722476910585
2018-03-30,33928.18,42742.55857142858,47976.947,March,3,Friday,0,2018,3,1,13,30,4,39005.659999999996,39853.95,58102.46,46623.4,52774.55,64551.83,42742.55857142858,46303.468571428566,47976.947,9564.85773820739,11058.079153487568
2018-03-31,42116.2,43916.607142857145,47222.151,March,3,Saturday,1,2018,3,1,13,31,5,33928.18,39005.659999999996,39853.95,33897.86,31782.55,64760.08,43916.607142857145,47041.586428571434,47222.151,8769.586869943694,10637.823886933431
2018-04-01,42001.63,44157.53142857143,47067.47066666667,April,4,Sunday,1,2018,4,2,13,1,6,42116.2,33928.18,39005.659999999996,40315.16,40415.31,46642.04,44157.53142857143,47154.895000000004,47067.47066666667,8676.830523215991,10680.202673084132
2018-04-02,69675.46,46383.36285714286,48211.02966666666,April,4,Monday,0,2018,4,2,14,2,0,42001.63,42116.2,33928.18,54094.64,77507.24,35368.69,46383.36285714286,46595.482142857145,48211.02966666666,12711.298127708644,11208.006747058815
2018-04-03,50164.67,45249.392857142855,48515.06033333333,April,4,Tuesday,0,2018,4,2,14,3,1,69675.46,42001.63,42116.2,58102.46,55309.88,41043.75,45249.392857142855,46227.967142857146,48515.06033333333,11813.991921217363,11130.320216239656
2018-04-04,53841.52,47247.61714285715,47974.964,April,4,Wednesday,0,2018,4,2,14,4,2,50164.67,69675.46,42001.63,39853.95,51878.02,70044.41,47247.61714285715,46368.21714285714,47974.964,11931.65239904443,10420.046941117354
2018-04-05,51926.12,49093.397142857146,47863.75666666667,April,4,Thursday,0,2018,4,2,14,5,3,53841.52,50164.67,69675.46,39005.659999999996,45534.25,55262.34,49093.397142857146,46824.77928571428,47863.75666666667,11433.111115021273,10357.204292663302
2018-04-06,41453.73,50168.47571428572,47446.90933333334,April,4,Friday,0,2018,4,2,14,6,4,51926.12,53841.52,50164.67,33928.18,46623.4,53959.15,50168.47571428572,46455.51714285714,47446.90933333334,10038.146609566988,10355.076238149979
2018-04-07,34589.64,49093.25285714286,46976.187666666665,April,4,Saturday,1,2018,4,2,14,7,5,41453.73,51926.12,53841.52,42116.2,33897.86,48711.29,49093.25285714286,46504.93,46976.187666666665,11360.417926710397,10613.368054997823
2018-04-08,33956.05,47943.88428571429,46718.795666666665,April,4,Sunday,1,2018,4,2,14,8,6,34589.64,41453.73,51926.12,42001.63,40315.16,41677.81,47943.88428571429,46050.70785714286,46718.795666666665,12542.933147238497,10837.558451284127
2018-04-09,68486.5,47774.032857142854,47561.241,April,4,Monday,0,2018,4,2,15,9,0,33956.05,34589.64,41453.73,69675.46,54094.64,43213.14,47774.032857142854,47078.697857142855,47561.241,12203.051274313433,11516.673712290509
2018-04-10,39260.1,46216.23714285714,47473.09266666667,April,4,Tuesday,0,2018,4,2,15,10,1,68486.5,33956.05,34589.64,50164.67,58102.46,41904.55,46216.23714285714,45732.814999999995,47473.09266666667,12538.418140234273,11571.452854029581
2018-04-11,55581.31,46464.77857142857,47929.71366666667,April,4,Wednesday,0,2018,4,2,15,11,2,39260.1,68486.5,33956.05,53841.52,39853.95,41882.68,46464.77857142857,46856.197857142855,47929.71366666667,12730.53296758282,11613.447178771805
2018-04-12,51515.1,46406.061428571425,47895.71633333333,April,4,Thursday,0,2018,4,2,15,12,3,55581.31,39260.1,68486.5,51926.12,39005.659999999996,52535.02,46406.061428571425,47749.72928571428,47895.71633333333,12702.06138286668,11600.986848666056
2018-04-13,48453.62,47406.04571428571,48214.36866666667,April,4,Friday,0,2018,4,2,15,13,4,51515.1,55581.31,39260.1,41453.73,33928.18,38894.05,47406.04571428571,48787.260714285716,48214.36866666667,12521.4569823694,11475.82024784287
2018-04-14,32613.75,47123.775714285715,47221.950333333334,April,4,Saturday,1,2018,4,2,15,14,5,48453.62,51515.1,55581.31,34589.64,42116.2,62386.3,47123.775714285715,48108.514285714286,47221.950333333334,12875.78691681512,11495.318239027694
2018-04-15,47998.52,49129.84285714286,47062.74933333333,April,4,Sunday,1,2018,4,2,15,15,6,32613.75,48453.62,51515.1,33956.05,42001.63,52774.55,49129.84285714286,48536.86357142857,47062.74933333333,11503.053013370965,11448.745225202101
2018-04-16,59102.7,47789.299999999996,47973.421,April,4,Monday,0,2018,4,2,16,16,0,47998.52,32613.75,48453.62,68486.5,69675.46,31782.55,47789.299999999996,47781.66642857143,47973.421,9184.404258972503,11276.670277034022
2018-04-17,64726.38,51427.340000000004,48783.79,April,4,Tuesday,0,2018,4,2,16,17,1,59102.7,47998.52,32613.75,39260.1,50164.67,40415.31,51427.340000000004,48821.788571428566,48783.79,10227.330790163804,11584.131743770435
2018-04-18,57858.79,51752.694285714286,48128.84166666667,April,4,Wednesday,0,2018,4,2,16,18,2,64726.38,59102.7,47998.52,55581.31,53841.52,77507.24,51752.694285714286,49108.736428571436,48128.84166666667,10415.988231332694,10398.97452664955
2018-04-19,88060.3,56973.43714285714,49220.522333333334,April,4,Thursday,0,2018,4,2,16,19,3,57858.79,64726.38,59102.7,51515.1,51926.12,55309.88,56973.43714285714,51689.749285714286,49220.522333333334,17216.027197586078,12653.50233336537
2018-04-20,41908.68,56038.44571428571,48888.210999999996,April,4,Friday,0,2018,4,2,16,20,4,88060.3,57858.79,64726.38,48453.62,41453.73,51878.02,56038.44571428571,51722.24571428571,48888.210999999996,17919.215550320878,12712.07725707483
2018-04-21,25376.7,55004.58142857143,48216.29266666667,April,4,Saturday,1,2018,4,2,16,21,5,41908.68,88060.3,57858.79,32613.75,34589.64,45534.25,55004.58142857143,51064.17857142857,48216.29266666667,19623.684113186984,13409.091364236547
2018-04-22,39765.64,53828.45571428572,47987.700666666664,April,4,Sunday,1,2018,4,2,16,22,6,25376.7,41908.68,88060.3,47998.52,33956.05,46623.4,53828.45571428572,51479.149285714295,47987.700666666664,20346.95475288939,13495.359099603209
2018-04-23,52859.87,52936.622857142866,48619.76766666667,April,4,Monday,0,2018,4,2,17,23,0,39765.64,25376.7,41908.68,59102.7,68486.5,33897.86,52936.622857142866,50362.961428571434,48619.76766666667,20213.62721400977,13254.597072162525
2018-04-24,65026.71,52979.52714285714,49443.486000000004,April,4,Tuesday,0,2018,4,2,17,24,1,52859.87,39765.64,25376.7,64726.38,39260.1,40315.16,52979.52714285714,52203.43357142858,49443.486000000004,20243.11940335917,13486.534605465311
2018-04-25,56619.88,52802.54,49527.66066666667,April,4,Wednesday,0,2018,4,2,17,25,2,65026.71,52859.87,39765.64,57858.79,55581.31,54094.64,52802.54,52277.61714285715,49527.66066666667,20198.716918103964,13524.392637703455
2018-04-26,47517.27,47010.67857142857,49174.821,April,4,Thursday,0,2018,4,2,17,26,3,56619.88,65026.71,52859.87,88060.3,51515.1,58102.46,47010.67857142857,51992.05785714286,49174.821,12896.600443056548,13430.724301287619
2018-04-27,64741.87,50272.56285714286,50004.41833333333,April,4,Friday,0,2018,4,2,17,27,4,47517.27,56619.88,65026.71,41908.68,48453.62,39853.95,50272.56285714286,53155.50428571429,50004.41833333333,14211.611181982715,13602.67941248225
2018-04-28,33471.979999999996,51429.03142857143,49819.96233333334,April,4,Saturday,1,2018,4,2,17,28,5,64741.87,47517.27,56619.88,25376.7,32613.75,39005.659999999996,51429.03142857143,53216.80642857143,49819.96233333334,12006.338703425788,13793.154024865958
2018-04-29,27422.29,49665.69571428571,49603.09933333333,April,4,Sunday,1,2018,4,2,17,29,6,33471.979999999996,64741.87,47517.27,39765.64,47998.52,33928.18,49665.69571428571,51747.07571428572,49603.09933333333,14625.528360151444,14099.37383551538
2018-04-30,53183.75,49711.96428571428,49972.01766666667,April,4,Monday,0,2018,4,2,18,30,0,27422.29,33471.979999999996,64741.87,52859.87,59102.7,42116.2,49711.96428571428,51324.29357142858,49972.01766666667,14637.824576568548,14041.394848587202
2018-05-01,43424.020000000004,46625.86571428571,50019.43066666667,May,5,Tuesday,0,2018,5,2,18,1,1,53183.75,27422.29,33471.979999999996,65026.71,64726.38,42001.63,46625.86571428571,49802.69642857143,50019.43066666667,13063.461934631287,14015.931899870791
2018-05-02,58925.37,46955.22142857143,49661.094333333334,May,5,Wednesday,0,2018,5,2,18,2,2,43424.020000000004,53183.75,27422.29,56619.88,57858.79,69675.46,46955.22142857143,49878.88071428571,49661.094333333334,13382.590582113755,13628.12530692369
2018-05-03,65973.5,49591.82571428572,50188.05533333334,May,5,Thursday,0,2018,5,2,18,3,3,58925.37,43424.020000000004,53183.75,47517.27,88060.3,50164.67,49591.82571428572,48301.25214285714,50188.05533333334,15205.698658937956,13950.10633425227
2018-05-04,55948.64,48335.65,50258.29266666667,May,5,Friday,0,2018,5,2,18,4,4,65973.5,58925.37,43424.020000000004,64741.87,41908.68,53841.52,48335.65,49304.10642857143,50258.29266666667,14066.029019511237,13974.418831309482
2018-05-05,40709.37,49369.56285714286,49884.401,May,5,Saturday,1,2018,5,2,18,5,5,55948.64,65973.5,58925.37,33471.979999999996,25376.7,51926.12,49369.56285714286,50399.29714285714,49884.401,13018.369486119327,14077.927814846626
2018-05-06,38080.3,50892.13571428572,49771.95333333334,May,5,Sunday,1,2018,5,2,18,6,6,40709.37,55948.64,65973.5,27422.29,39765.64,41453.73,50892.13571428572,50278.91571428572,49771.95333333334,10379.504947390038,14160.818634792042
2018-05-07,80619.95,54811.59285714286,51306.297000000006,May,5,Monday,0,2018,5,2,19,7,0,38080.3,40709.37,55948.64,53183.75,52859.87,34589.64,54811.59285714286,52261.778571428564,51306.297000000006,15369.673461213257,14931.804396342886
2018-05-08,67324.17,58225.90000000001,52418.56766666667,May,5,Tuesday,0,2018,5,2,19,8,1,80619.95,38080.3,40709.37,43424.020000000004,65026.71,33956.05,58225.90000000001,52425.88285714285,52418.56766666667,15070.094514992254,14837.314908114337
2018-05-09,69098.31,59679.17714285715,52438.96133333333,May,5,Wednesday,0,2018,5,2,19,9,2,67324.17,80619.95,38080.3,58925.37,56619.88,68486.5,59679.17714285715,53317.19928571429,52438.96133333333,15628.939140231394,14860.563843415503
2018-05-10,82434.08,62030.68857142857,53878.094000000005,May,5,Thursday,0,2018,5,2,19,10,3,69098.31,67324.17,80619.95,65973.5,47517.27,39260.1,62030.68857142857,55811.25714285714,53878.094000000005,17818.727478468103,15611.828017507567
2018-05-11,60045.55,62615.961428571434,54026.901999999995,May,5,Friday,0,2018,5,2,19,11,4,82434.08,69098.31,67324.17,55948.64,64741.87,55581.31,62615.961428571434,55475.805714285714,54026.901999999995,17652.16674053021,15649.852154795928
2018-05-12,44716.23,63188.37,53800.27300000001,May,5,Saturday,1,2018,5,2,19,12,5,60045.55,82434.08,69098.31,40709.37,33471.979999999996,51515.1,63188.37,56278.96642857143,53800.27300000001,16871.089769192942,15736.468674801548
2018-05-13,46389.06,64375.33571428571,53731.45433333333,May,5,Sunday,1,2018,5,2,19,13,6,44716.23,60045.55,82434.08,38080.3,27422.29,48453.62,64375.33571428571,57633.73571428571,53731.45433333333,14998.56350957191,15765.145147138297
2018-05-14,75197.04,63600.634285714295,55150.897333333334,May,5,Monday,0,2018,5,2,20,14,0,46389.06,44716.23,60045.55,80619.95,53183.75,32613.75,63600.634285714295,59206.11357142858,55150.897333333334,14134.83933605055,15715.16248129906
2018-05-15,79939.48,65402.82142857143,56215.596,May,5,Tuesday,0,2018,5,2,20,15,1,75197.04,46389.06,44716.23,67324.17,43424.020000000004,47998.52,65402.82142857143,61814.360714285714,56215.596,15433.297929640567,16285.527162838527
2018-05-16,80293.72,67002.16571428571,56921.96333333333,May,5,Wednesday,0,2018,5,2,20,16,2,79939.48,75197.04,46389.06,69098.31,58925.37,59102.7,67002.16571428571,63340.67142857143,56921.96333333333,16428.111168479743,16864.3528308919
2018-05-17,43428.12,61429.88571428571,56212.02133333334,May,5,Thursday,0,2018,5,2,20,17,3,80293.72,79939.48,75197.04,82434.08,65973.5,64726.38,61429.88571428571,61730.28714285714,56212.02133333334,16928.95222891034,16972.431860821078
2018-05-18,47501.96,59637.944285714286,55866.79366666667,May,5,Friday,0,2018,5,2,20,18,4,43428.12,80293.72,79939.48,60045.55,55948.64,57858.79,59637.944285714286,61126.95285714286,55866.79366666667,17744.153460417932,17042.965696236948
2018-05-19,35013.66,58251.86285714286,54098.57233333333,May,5,Saturday,1,2018,5,2,20,19,5,47501.96,43428.12,80293.72,44716.23,40709.37,88060.3,58251.86285714286,60720.11642857144,54098.57233333333,19405.236232496376,16324.353337930004
2018-05-20,29614.91,55855.555714285714,53688.780000000006,May,5,Sunday,1,2018,5,2,20,20,6,35013.66,47501.96,43428.12,46389.06,38080.3,41908.68,55855.555714285714,60115.44571428571,53688.780000000006,21979.278579639384,16788.6139562694
2018-05-21,41696.24,51069.72714285714,54232.76466666667,May,5,Monday,0,2018,5,2,21,21,0,29614.91,35013.66,47501.96,75197.04,80619.95,25376.7,51069.72714285714,57335.180714285714,54232.76466666667,20674.44575075286,16089.446917054602
2018-05-22,55491.59,47577.17142857142,54756.962999999996,May,5,Tuesday,0,2018,5,2,21,22,1,41696.24,29614.91,35013.66,79939.48,67324.17,39765.64,47577.17142857142,56489.99642857142,54756.962999999996,16659.83626259114,15856.340175553949
2018-05-23,25213.08,39708.508571428574,53835.403333333335,May,5,Wednesday,0,2018,5,2,21,23,2,55491.59,41696.24,29614.91,80293.72,69098.31,52859.87,39708.508571428574,53355.33714285714,53835.403333333335,10501.34844247218,16748.696380988866
2018-05-24,27746.54,37468.282857142854,52592.731,May,5,Thursday,0,2018,5,2,21,24,3,25213.08,55491.59,41696.24,43428.12,82434.08,65026.71,37468.282857142854,49449.08428571429,52592.731,11223.433957787707,17264.776272745716
2018-05-25,31744.49,35217.21571428572,51763.55133333334,May,5,Friday,0,2018,5,2,21,25,4,27746.54,25213.08,55491.59,47501.96,60045.55,56619.88,35217.21571428572,47427.58,51763.55133333334,10427.598185598326,17657.57388422435
2018-05-26,22477.56,33426.34428571429,50928.89433333334,May,5,Saturday,1,2018,5,2,21,26,5,31744.49,27746.54,25213.08,35013.66,44716.23,47517.27,33426.34428571429,45839.10357142857,50928.89433333334,11490.689513658152,18439.693283047553
2018-05-27,16482.08,31550.225714285712,49320.23466666667,May,5,Sunday,1,2018,5,2,21,27,6,22477.56,31744.49,27746.54,29614.91,46389.06,64741.87,31550.225714285712,43702.89071428572,49320.23466666667,13166.611735795708,19279.073437874344
2018-05-28,40648.26,31400.514285714286,49559.443999999996,May,5,Monday,0,2018,5,2,22,28,0,16482.08,22477.56,31744.49,41696.24,75197.04,33471.979999999996,31400.514285714286,41235.12071428571,49559.443999999996,13037.341977325234,19119.51236713226
2018-05-29,36424.9,28676.70142857143,49859.531,May,5,Tuesday,0,2018,5,2,22,29,1,40648.26,16482.08,22477.56,55491.59,79939.48,27422.29,28676.70142857143,38126.936428571425,49859.531,8294.216281759971,18828.51646342629
2018-05-30,30821.010000000002,29477.83428571429,49114.10633333334,May,5,Wednesday,0,2018,5,2,22,30,2,36424.9,40648.26,16482.08,25213.08,80293.72,53183.75,29477.83428571429,34593.17142857143,49114.10633333334,8173.869251433286,19132.58913755592
2018-05-31,34206.590000000004,30400.698571428573,48806.85866666667,May,5,Thursday,0,2018,5,2,22,31,3,30821.010000000002,36424.9,40648.26,27746.54,43428.12,43424.020000000004,30400.698571428573,33934.49071428571,48806.85866666667,8309.380567666421,19300.39125293686
2018-06-01,65404.79,35209.31285714286,49022.83933333333,June,6,Friday,0,2018,6,2,22,1,4,34206.590000000004,30821.010000000002,36424.9,31744.49,47501.96,58925.37,35209.31285714286,35213.26428571429,49022.83933333333,15683.8349604762,19453.17596308248
2018-06-02,32048.3,36576.561428571425,47891.99933333333,June,6,Saturday,1,2018,6,2,22,2,5,65404.79,34206.590000000004,30821.010000000002,22477.56,35013.66,65973.5,36576.561428571425,35001.45285714286,47891.99933333333,14780.082122459471,19419.863375210345
2018-06-03,39080.32,39804.88142857143,47329.722,June,6,Sunday,1,2018,6,2,22,3,6,32048.3,65404.79,34206.590000000004,16482.08,29614.91,55948.64,39804.88142857143,35677.55357142857,47329.722,11833.788053872675,19422.74996660958
2018-06-04,40467.77,39779.09714285714,47321.66866666667,June,6,Monday,0,2018,6,2,23,4,0,39080.32,32048.3,65404.79,40648.26,41696.24,40709.37,39779.09714285714,35589.805714285714,47321.66866666667,11831.84064478512,19425.639518748558
2018-06-05,54818.27,42406.72142857143,47879.601,June,6,Tuesday,0,2018,6,2,23,5,1,40467.77,39080.32,32048.3,36424.9,55491.59,38080.3,42406.72142857143,35541.71142857143,47879.601,12952.15512509584,19391.400629392872
2018-06-06,44999.21,44432.17857142857,46692.243,June,6,Wednesday,0,2018,6,2,23,6,2,54818.27,40467.77,39080.32,30821.010000000002,25213.08,80619.95,44432.17857142857,36955.006428571425,46692.243,11904.65515062126,18381.810501224685
2018-06-07,52537.72,47050.911428571424,46199.361333333334,June,6,Thursday,0,2018,6,2,23,7,3,44999.21,54818.27,40467.77,34206.590000000004,27746.54,67324.17,47050.911428571424,38725.805,46199.361333333334,11280.201633170402,18003.872170949882
2018-06-08,42031.68,43711.89571428572,45297.14033333333,June,6,Friday,0,2018,6,2,23,8,4,52537.72,44999.21,54818.27,65404.79,31744.49,69098.31,43711.89571428572,39460.60428571428,45297.14033333333,7892.426087152217,17487.562690688006
2018-06-09,40891.5,44975.21,43912.38766666666,June,6,Saturday,1,2018,6,2,23,9,5,42031.68,52537.72,44999.21,32048.3,22477.56,82434.08,44975.21,40775.88571428571,43912.38766666666,6251.476670280848,16029.457578392856
2018-06-10,36157.42,44557.65285714286,43116.11666666667,June,6,Sunday,1,2018,6,2,23,10,6,40891.5,42031.68,52537.72,39080.32,16482.08,60045.55,44557.65285714286,42181.26714285714,43116.11666666667,6785.634064619374,15791.967588249672
2018-06-11,76270.14,49672.277142857136,44167.91366666667,June,6,Monday,0,2018,6,2,24,11,0,36157.42,40891.5,42031.68,40467.77,40648.26,44716.23,49672.277142857136,44725.68714285714,44167.91366666667,13429.494938791375,16913.208021291553
2018-06-12,57288.04,50025.101428571434,44531.213,June,6,Tuesday,0,2018,6,2,24,12,1,76270.14,36157.42,40891.5,54818.27,36424.9,46389.06,50025.101428571434,46215.91142857143,44531.213,13618.340650512955,17078.80940832768
2018-06-13,53609.94,51255.205714285716,43811.643000000004,June,6,Wednesday,0,2018,6,2,24,13,2,57288.04,76270.14,36157.42,44999.21,30821.010000000002,75197.04,51255.205714285716,47843.69214285714,43811.643000000004,13476.860412671344,16172.969256067126
2018-06-14,38063.21,49187.41857142858,42415.76733333334,June,6,Thursday,0,2018,6,2,24,14,3,53609.94,57288.04,76270.14,52537.72,34206.590000000004,79939.48,49187.41857142858,48119.165,42415.76733333334,14330.668173834287,14686.086438538181
2018-06-15,37314.78,48513.57571428571,40983.136000000006,June,6,Friday,0,2018,6,2,24,15,4,38063.21,53609.94,57288.04,42031.68,65404.79,80293.72,48513.57571428571,46112.73571428571,40983.136000000006,14825.568030846614,12844.50870050803
2018-06-16,32244.55,47278.29714285715,40610.350333333336,June,6,Saturday,1,2018,6,2,24,16,5,37314.78,38063.21,53609.94,40891.5,32048.3,43428.12,47278.29714285715,46126.75357142858,40610.350333333336,15888.615274666206,12933.085842515464
2018-06-17,25318.22,45729.840000000004,39870.89233333334,June,6,Sunday,1,2018,6,2,24,17,6,32244.55,37314.78,38063.21,36157.42,39080.32,47501.96,45729.840000000004,45143.74642857142,39870.89233333334,17590.127984701125,13157.700767607907
2018-06-18,51176.81,42145.07857142857,40409.664000000004,June,6,Monday,0,2018,6,2,25,18,0,25318.22,32244.55,37314.78,76270.14,40467.77,35013.66,42145.07857142857,45908.67785714286,40409.664000000004,11996.399263261445,13282.280672837267
2018-06-19,50831.47,41222.71142857143,41116.882666666665,June,6,Tuesday,0,2018,6,2,25,19,1,51176.81,25318.22,32244.55,57288.04,54818.27,29614.91,41222.71142857143,45623.906428571434,41116.882666666665,10829.514908350218,13252.498782461855
2018-06-20,45892.07,40120.15857142857,41256.74366666667,June,6,Wednesday,0,2018,6,2,25,20,2,50831.47,51176.81,25318.22,53609.94,44999.21,41696.24,40120.15857142857,45687.682142857135,41256.74366666667,9691.237253908615,13280.93385993172
2018-06-21,39979.85,40393.96428571428,40739.68566666667,June,6,Thursday,0,2018,6,2,25,21,3,45892.07,50831.47,51176.81,38063.21,52537.72,55491.59,40393.96428571428,44790.69142857142,40739.68566666667,9650.426062742541,13006.751641446657
2018-06-22,35509.02,40135.99857142857,41082.88366666667,June,6,Friday,0,2018,6,2,25,22,4,39979.85,45892.07,50831.47,37314.78,42031.68,25213.08,40135.99857142857,44324.787142857145,41082.88366666667,9769.850048283555,12715.511696455422
2018-06-23,25543.8,39178.74857142857,41009.459,June,6,Saturday,1,2018,6,2,25,23,5,35509.02,39979.85,45892.07,32244.55,40891.5,27746.54,39178.74857142857,43228.52285714286,41009.459,10931.169695345789,12801.247537174027
2018-06-24,33656.35,40369.909999999996,41073.187666666665,June,6,Sunday,1,2018,6,2,25,24,6,25543.8,35509.02,39979.85,25318.22,36157.42,31744.49,40369.909999999996,43049.875,41073.187666666665,9534.091464411555,12758.219713983968
2018-06-25,53705.66,40731.17428571429,42114.12433333333,June,6,Monday,0,2018,6,2,26,25,0,33656.35,25543.8,35509.02,51176.81,76270.14,22477.56,40731.17428571429,41438.12642857143,42114.12433333333,10046.002169803363,12459.13105462483
2018-06-26,52712.55,40999.9,43321.80666666667,June,6,Tuesday,0,2018,6,2,26,26,1,53705.66,33656.35,25543.8,50831.47,57288.04,16482.08,40999.9,41111.305714285714,43321.80666666667,10380.790380139591,11616.335827724382
2018-06-27,39202.96,40044.31285714286,43273.630000000005,June,6,Wednesday,0,2018,6,2,26,27,2,52712.55,53705.66,33656.35,45892.07,53609.94,40648.26,40044.31285714286,40082.235714285714,43273.630000000005,10160.942312272146,11630.794292204986
2018-06-28,49568.37,41414.101428571434,43711.74566666666,June,6,Thursday,0,2018,6,2,26,28,3,39202.96,52712.55,53705.66,39979.85,38063.21,36424.9,41414.101428571434,40904.032857142854,43711.74566666666,10778.356058381367,11611.448258438428
2018-06-29,30105.27,40642.137142857144,43687.88766666666,June,6,Friday,0,2018,6,2,26,29,4,49568.37,39202.96,52712.55,35509.02,37314.78,30821.010000000002,40642.137142857144,40389.06785714285,43687.88766666666,11444.692623805548,11639.549444722701
2018-06-30,21277.47,40032.66142857143,43256.917,June,6,Saturday,1,2018,6,2,26,30,5,30105.27,49568.37,39202.96,25543.8,32244.55,34206.590000000004,40032.66142857143,39605.705,43256.917,12452.01630306298,12227.2363726865
2018-07-01,39158.69,40818.71000000001,42382.047000000006,July,7,Sunday,1,2018,7,3,26,1,6,21277.47,30105.27,49568.37,33656.35,25318.22,65404.79,40818.71000000001,40594.31,42382.047000000006,12152.486934764915,11505.559721590196
2018-07-02,48153.14,40025.49285714286,42918.875,July,7,Monday,0,2018,7,3,27,2,0,39158.69,21277.47,30105.27,53705.66,51176.81,32048.3,40025.49285714286,40378.33357142857,42918.875,11324.11631040979,11381.825938314241
2018-07-03,41207.09,38381.85571428571,42989.76733333334,July,7,Tuesday,0,2018,7,3,27,3,1,48153.14,39158.69,21277.47,52712.55,50831.47,39080.32,38381.85571428571,39690.87785714286,42989.76733333334,9924.192769274841,11363.70177169218
2018-07-04,50139.58,39944.229999999996,43312.16099999999,July,7,Wednesday,0,2018,7,3,27,4,2,41207.09,48153.14,39158.69,39202.96,45892.07,40467.77,39944.229999999996,39994.27142857143,43312.16099999999,10888.988222057114,11426.7065292352
2018-07-05,49744.71,39969.42142857143,43143.04233333333,July,7,Thursday,0,2018,7,3,27,5,3,50139.58,41207.09,48153.14,49568.37,39979.85,54818.27,39969.42142857143,40691.76142857143,43143.04233333333,10915.136907332533,11287.234397024458
2018-07-06,24405.4,39155.154285714285,42456.582,July,7,Friday,0,2018,7,3,27,6,4,49744.71,50139.58,41207.09,30105.27,35509.02,44999.21,39155.154285714285,39898.64571428572,42456.582,11938.295139302501,11785.67979370952
2018-07-07,14291.8,38157.201428571425,41181.718,July,7,Saturday,1,2018,7,3,27,7,5,24405.4,49744.71,50139.58,21277.47,25543.8,52537.72,38157.201428571425,39094.93142857143,41181.718,13824.740905229028,12691.338959514369
2018-07-08,22526.93,35781.235714285714,40531.55966666667,July,7,Sunday,1,2018,7,3,27,8,6,14291.8,24405.4,49744.71,39158.69,33656.35,42031.68,35781.235714285714,38299.97285714286,40531.55966666667,15002.92571814001,13138.033702069552
2018-07-09,25022.49,32476.85714285714,40002.59266666667,July,7,Monday,0,2018,7,3,28,9,0,22526.93,14291.8,24405.4,48153.14,53705.66,40891.5,32476.85714285714,36251.175,40002.59266666667,14357.23307901359,13439.054589354728
2018-07-10,26297.79,30346.95714285714,39673.93833333334,July,7,Tuesday,0,2018,7,3,28,10,1,25022.49,22526.93,14291.8,41207.09,52712.55,36157.42,30346.95714285714,34364.40642857143,39673.93833333334,13946.262564194583,13655.153520753765
2018-07-11,27844.81,27161.989999999998,38059.76066666667,July,7,Wednesday,0,2018,7,3,28,11,2,26297.79,25022.49,22526.93,50139.58,39202.96,76270.14,27161.989999999998,33553.11,38059.76066666667,10881.897413507351,11933.598652395814
2018-07-12,39251.58,25662.971428571433,37458.54533333333,July,7,Thursday,0,2018,7,3,28,12,3,27844.81,26297.79,25022.49,49744.71,49568.37,57288.04,25662.971428571433,32816.19642857143,37458.54533333333,7426.7949001781535,11372.626600426298
2018-07-13,39316.44,27793.120000000003,36982.09533333334,July,7,Friday,0,2018,7,3,28,13,4,39251.58,27844.81,26297.79,24405.4,30105.27,53609.94,27793.120000000003,33474.137142857144,36982.09533333334,8981.617175416206,10964.73425755938
2018-07-14,29040.98,29900.145714285718,36681.35433333334,July,7,Saturday,1,2018,7,3,28,14,5,39316.44,39251.58,27844.81,14291.8,21277.47,38063.21,29900.145714285718,34028.67357142857,36681.35433333334,6735.617935361242,11057.398322437679
2018-07-15,59075.52,35121.37285714286,37406.71233333334,July,7,Sunday,1,2018,7,3,28,15,6,29040.98,39316.44,39251.58,22526.93,39158.69,37314.78,35121.37285714286,35451.30428571429,37406.71233333334,12098.35359617121,11789.868200188084
2018-07-16,42826.11,37664.74714285714,37759.431,July,7,Monday,0,2018,7,3,29,16,0,59075.52,29040.98,39316.44,25022.49,48153.14,32244.55,37664.74714285714,35070.802142857145,37759.431,11476.89874345805,11788.39056391662
2018-07-17,41864.37,39888.544285714284,38310.969333333334,July,7,Tuesday,0,2018,7,3,29,17,1,42826.11,59075.52,29040.98,26297.79,41207.09,25318.22,39888.544285714284,35117.750714285714,38310.969333333334,10361.205125628992,11571.307212519745
2018-07-18,62010.01,44769.287142857145,38672.076,July,7,Wednesday,0,2018,7,3,29,18,2,41864.37,42826.11,59075.52,27844.81,50139.58,51176.81,44769.287142857145,35965.63857142857,38672.076,11702.446922707633,12141.638387579766
2018-07-19,56438.83,47224.60857142857,38858.988,July,7,Thursday,0,2018,7,3,29,19,3,62010.01,41864.37,42826.11,39251.58,49744.71,50831.47,47224.60857142857,36443.79,38858.988,12146.44323131865,12376.17385820185
2018-07-20,46923.72,48311.36285714286,38893.37633333333,July,7,Friday,0,2018,7,3,29,20,4,56438.83,62010.01,41864.37,39316.44,24405.4,45892.07,48311.36285714286,38052.241428571426,38893.37633333333,11651.184908737374,12397.804150365448
2018-07-21,29128.88,48323.92,38531.67733333333,July,7,Saturday,1,2018,7,3,29,21,5,46923.72,56438.83,62010.01,29040.98,14291.8,39979.85,48323.92,39112.03285714286,38531.67733333333,11626.976878481026,12522.670563740254
2018-07-22,48242.63,46776.364285714284,38956.131,July,7,Sunday,1,2018,7,3,29,22,6,29128.88,46923.72,56438.83,59075.52,22526.93,35509.02,46776.364285714284,40948.868571428575,38956.131,10636.139279823023,12632.009669303745
2018-07-23,60158.0,49252.34857142857,40109.937666666665,July,7,Monday,0,2018,7,3,30,23,0,48242.63,29128.88,46923.72,42826.11,25022.49,25543.8,49252.34857142857,43458.54785714286,40109.937666666665,11542.060264276046,12941.716711518056
2018-07-24,53728.68,50947.25,40779.01533333334,July,7,Tuesday,0,2018,7,3,30,24,1,60158.0,48242.63,29128.88,41864.37,26297.79,33656.35,50947.25,45417.89714285714,40779.01533333334,11140.477328071085,13114.277969323459
2018-07-25,69513.13,52019.124285714286,41305.931,July,7,Wednesday,0,2018,7,3,30,25,2,53728.68,60158.0,48242.63,62010.01,27844.81,53705.66,52019.124285714286,48394.205714285716,41305.931,12642.034715910824,13942.945704684133
2018-07-26,55103.47,51828.35857142857,41385.62833333333,July,7,Thursday,0,2018,7,3,30,26,3,69513.13,53728.68,60158.0,56438.83,39251.58,52712.55,51828.35857142857,49526.48357142857,41385.62833333333,12574.119581703531,14017.030144750483
2018-07-27,40824.04,50956.97571428572,41439.664333333334,July,7,Friday,0,2018,7,3,30,27,4,55103.47,69513.13,53728.68,46923.72,39316.44,39202.96,50956.97571428572,49634.169285714284,41439.664333333334,13167.98700541688,14011.449298649804
2018-07-28,44894.6,53209.221428571436,41283.872,July,7,Saturday,1,2018,7,3,30,28,5,40824.04,55103.47,69513.13,29128.88,29040.98,49568.37,53209.221428571436,50766.57071428571,41283.872,9705.270493701535,13943.77035431474
2018-07-29,40472.22,52099.16285714286,41629.437000000005,July,7,Sunday,1,2018,7,3,30,29,6,44894.6,40824.04,55103.47,48242.63,59075.52,30105.27,52099.16285714286,49437.76357142858,41629.437000000005,10755.558383804306,13784.734685751284
2018-07-30,52304.07,50977.17285714286,42663.65700000001,July,7,Monday,0,2018,7,3,31,30,0,40472.22,44894.6,40824.04,60158.0,42826.11,21277.47,50977.17285714286,50114.760714285716,42663.65700000001,10168.393160556705,13362.58969713282
2018-07-31,73817.51,53847.00571428572,43818.951,July,7,Tuesday,0,2018,7,3,31,31,1,52304.07,40472.22,44894.6,53728.68,41864.37,39158.69,53847.00571428572,52397.12785714286,43818.951,13396.740534252896,14499.039130214362
2018-08-01,58697.04,52301.85,44170.414333333334,August,8,Wednesday,0,2018,8,3,31,1,2,73817.51,52304.07,40472.22,69513.13,62010.01,48153.14,52301.85,52160.48714285715,44170.414333333334,11819.607867296863,14733.6215074851
2018-08-02,54494.07,52214.79285714286,44613.31366666666,August,8,Thursday,0,2018,8,3,31,2,3,58697.04,73817.51,52304.07,55103.47,56438.83,41207.09,52214.79285714286,52021.57571428571,44613.31366666666,11797.75742885866,14840.787528695182
2018-08-03,58045.93,54675.06285714286,44876.85866666667,August,8,Friday,0,2018,8,3,31,3,4,54494.07,58697.04,73817.51,40824.04,46923.72,50139.58,54675.06285714286,52816.01928571429,44876.85866666667,10778.101970485797,15011.526769562219
2018-08-04,48190.46,55145.9,44825.05033333333,August,8,Saturday,1,2018,8,3,31,4,5,58045.93,54494.07,58697.04,44894.6,29128.88,49744.71,55145.9,54177.56071428571,44825.05033333333,10342.83729388279,14996.822188367636
2018-08-05,51253.92,56686.142857142855,45720.001000000004,August,8,Sunday,1,2018,8,3,31,5,6,48190.46,58045.93,54494.07,40472.22,48242.63,24405.4,56686.142857142855,54392.65285714286,45720.001000000004,8416.946070196122,14530.082636543062
2018-08-06,89915.05,62059.14,48240.776,August,8,Monday,0,2018,8,3,32,6,0,51253.92,48190.46,58045.93,52304.07,60158.0,14291.8,62059.14,56518.15642857143,48240.776,14764.506460849494,15422.12593390507
2018-08-07,88963.27,64222.82,50455.320666666674,August,8,Tuesday,0,2018,8,3,32,7,1,89915.05,51253.92,48190.46,73817.51,53728.68,22526.93,64222.82,59034.91285714286,50455.320666666674,17610.348634623904,16344.787717489493
2018-08-08,71635.12,66071.11714285714,52009.075,August,8,Wednesday,0,2018,8,3,32,8,2,88963.27,89915.05,51253.92,58697.04,69513.13,25022.49,66071.11714285714,59186.48357142857,52009.075,17612.688629609922,16056.732317322627
2018-08-09,55743.22,66249.56714285715,52990.58933333333,August,8,Thursday,0,2018,8,3,32,9,3,71635.12,88963.27,89915.05,54494.07,55103.47,26297.79,66249.56714285715,59232.18,52990.58933333333,17481.682473423163,15313.633186250641
2018-08-10,43753.46,64207.78571428572,53520.87766666666,August,8,Friday,0,2018,8,3,32,10,4,55743.22,71635.12,88963.27,58045.93,40824.04,27844.81,64207.78571428572,59441.42428571429,53520.87766666666,19335.840672209266,14674.974767145108
2018-08-11,36841.65,62586.52714285714,53440.54666666667,August,8,Saturday,1,2018,8,3,32,11,5,43753.46,55743.22,71635.12,48190.46,44894.6,39251.58,62586.52714285714,58866.21357142857,53440.54666666667,21280.663023871944,14762.115813732815
2018-08-12,52302.26,62736.29,53873.40733333333,August,8,Sunday,1,2018,8,3,32,12,6,36841.65,43753.46,55743.22,51253.92,40472.22,39316.44,62736.29,59711.216428571424,53873.40733333333,21191.117935081515,14522.118792339135
2018-08-13,53278.95,57502.561428571425,54681.33966666667,August,8,Monday,0,2018,8,3,33,13,0,52302.26,36841.65,43753.46,89915.05,52304.07,29040.98,57502.561428571425,59780.85071428572,54681.33966666667,17575.521601806904,13746.457079533178
2018-08-14,58731.14,53183.68571428571,54669.86033333333,August,8,Tuesday,0,2018,8,3,33,14,1,53278.95,52302.26,36841.65,88963.27,73817.51,59075.52,53183.68571428571,58703.25285714286,54669.86033333333,11064.644646313558,13742.804378805291
2018-08-15,59078.03,51389.815714285716,55211.591,August,8,Wednesday,0,2018,8,3,33,15,2,58731.14,53278.95,52302.26,71635.12,58697.04,42826.11,51389.815714285716,58730.466428571424,55211.591,8229.218748007734,13579.178874195803
2018-08-16,50136.03,50588.788571428566,55487.312999999995,August,8,Thursday,0,2018,8,3,33,16,3,59078.03,58731.14,53278.95,55743.22,54494.07,41864.37,50588.788571428566,58419.17785714286,55487.312999999995,8004.67140250706,13381.35759365415
2018-08-17,45600.36,50852.63142857143,54940.32466666667,August,8,Friday,0,2018,8,3,33,17,4,50136.03,59078.03,58731.14,43753.46,58045.93,62010.01,50852.63142857143,57530.208571428564,54940.32466666667,7768.783657826644,13440.791716205887
2018-08-18,30375.69,49928.92285714286,54071.55333333334,August,8,Saturday,1,2018,8,3,33,18,5,45600.36,50136.03,59078.03,36841.65,48190.46,56438.83,49928.92285714286,56257.725,54071.55333333334,9824.704101867761,14163.48440712894
2018-08-19,34945.68,47449.41142857143,53672.285333333326,August,8,Sunday,1,2018,8,3,33,19,6,30375.69,45600.36,50136.03,52302.26,51253.92,46923.72,47449.41142857143,55092.850714285705,53672.285333333326,11217.381326815139,14535.864667477535
2018-08-20,48283.31,46735.74857142857,54310.76633333333,August,8,Monday,0,2018,8,3,34,20,0,34945.68,30375.69,45600.36,53278.95,89915.05,29128.88,46735.74857142857,52119.155000000006,54310.76633333333,10940.174641682568,13823.869982465965
2018-08-21,34085.45,43214.93571428572,53838.86033333334,August,8,Tuesday,0,2018,8,3,34,21,1,48283.31,34945.68,30375.69,58731.14,88963.27,48242.63,43214.93571428572,48199.31071428571,53838.86033333334,10388.23295319895,14272.522843839854
2018-08-22,29452.6,38982.73142857143,52815.347,August,8,Wednesday,0,2018,8,3,34,22,2,34085.45,48283.31,34945.68,59078.03,71635.12,60158.0,38982.73142857143,45186.273571428566,52815.347,8754.765897523908,14891.29938301501
2018-08-23,22317.68,35008.68142857143,51768.31366666666,August,8,Thursday,0,2018,8,3,34,23,3,29452.6,34085.45,48283.31,50136.03,55743.22,53728.68,35008.68142857143,42798.735,51768.31366666666,9152.885809028441,15895.302139814312
2018-08-24,14322.22,30540.375714285714,49928.61666666667,August,8,Friday,0,2018,8,3,34,24,4,22317.68,29452.6,34085.45,45600.36,43753.46,69513.13,30540.375714285714,40696.50357142857,49928.61666666667,10635.14340586412,16930.848346260762
2018-08-25,12768.89,28025.11857142857,48517.46400000001,August,8,Saturday,1,2018,8,3,34,25,5,14322.22,22317.68,29452.6,30375.69,36841.65,55103.47,28025.11857142857,38977.02071428571,48517.46400000001,12584.054760062332,18201.25115958922
2018-08-26,10496.35,24532.357142857138,47506.541,August,8,Sunday,1,2018,8,3,34,26,6,12768.89,14322.22,22317.68,34945.68,52302.26,40824.04,24532.357142857138,35990.88428571429,47506.541,13687.698160459884,19443.14270313381
2018-08-27,6720.78,18594.852857142858,46234.08033333333,August,8,Monday,0,2018,8,3,35,27,0,10496.35,12768.89,14322.22,48283.31,53278.95,44894.6,18594.852857142858,32665.300714285713,46234.08033333333,10250.896743575988,20820.347745591673
2018-08-28,5012.7,14441.602857142858,45052.09633333333,August,8,Tuesday,0,2018,8,3,35,28,1,6720.78,10496.35,12768.89,34085.45,58731.14,40472.22,14441.602857142858,28828.269285714287,45052.09633333333,8701.103203423312,22124.42097739927
2018-08-29,4262.66,10843.039999999999,43450.716,August,8,Wednesday,0,2018,8,3,35,29,2,5012.7,6720.78,10496.35,29452.6,59078.03,52304.07,10843.039999999999,24912.885714285712,43450.716,6349.388969921927,23289.38231450175
2018-08-30,0.0,7654.8,40990.132333333335,August,8,Thursday,0,2018,8,3,35,30,3,4262.66,5012.7,6720.78,22317.68,50136.03,73817.51,7654.8,21331.740714285716,40990.132333333335,5109.4434624689,23862.864608795895
2018-08-31,0.0,5608.768571428571,39033.564333333336,August,8,Friday,0,2018,8,3,35,31,4,0.0,4262.66,5012.7,14322.22,45600.36,58697.04,5608.768571428571,18074.572142857145,39033.564333333336,4855.85962718725,24750.80251727384
2018-09-01,0.0,3784.641428571428,37217.09533333334,September,9,Saturday,1,2018,9,3,35,1,5,0.0,0.0,4262.66,12768.89,30375.69,54494.07,3784.641428571428,15904.880000000001,37217.09533333334,4049.1790010750424,25563.355813162543
2018-09-02,0.0,2285.162857142857,35282.23100000001,September,9,Sunday,1,2018,9,3,35,2,6,0.0,0.0,0.0,10496.35,34945.68,58045.93,2285.162857142857,13408.76,35282.23100000001,2941.443250864544,26123.07111130795
2018-09-03,166.46,1348.8314285714284,33681.431000000004,September,9,Monday,0,2018,9,3,36,3,0,0.0,0.0,0.0,6720.78,48283.31,48190.46,1348.8314285714284,9971.842142857144,33681.431000000004,2257.9384748881826,26768.257489766715
